Class,Window,Conj_Ratio,Opp_Ratio,Asym,Conj_Z
Total,1,105.71,102.51,3.2,1.87
Total,2,107.29,100.24,7.05,3.03
Total,3,106.36,99.67,6.69,2.94
Total,4,105.11,100.05,5.06,2.52
Total,5,105.36,100.92,4.44,2.78
Total,6,105.61,101.02,4.59,3.09
Total,7,105.69,101.01,4.68,3.24
Total,8,105.25,100.72,4.53,3.12
Total,9,104.89,100.63,4.26,3.01
Total,10,105.06,101.1,3.96,3.18
Total,11,104.74,100.45,4.29,3.05
Total,12,104.04,100.49,3.55,2.7
Total,13,103.92,100.45,3.47,2.69
Total,14,103.88,100.27,3.61,2.72
Total,15,103.48,100.24,3.24,2.51
Total,16,103.44,100.19,3.25,2.52
Total,17,103.1,100.07,3.03,2.35
Total,18,102.9,99.95,2.95,2.22
Total,19,102.57,99.81,2.76,1.99
Total,20,102.51,99.7,2.81,1.98
Total,21,102.51,99.79,2.72,2.02
Total,22,102.46,99.64,2.82,2.0
Total,23,102.51,99.69,2.82,2.09
Total,24,102.36,99.97,2.39,1.99
Total,25,102.35,99.84,2.51,2.01
Total,26,102.26,99.84,2.42,1.97
Total,27,102.12,99.8,2.32,1.9
Total,28,101.97,99.84,2.13,1.77
Total,29,101.99,99.9,2.09,1.8
Total,30,101.92,100.05,1.87,1.75
Total,31,101.96,100.0,1.96,1.82
Total,32,101.81,99.86,1.95,1.7
Total,33,101.64,99.83,1.81,1.57
Total,34,101.57,99.79,1.78,1.53
Total,35,101.46,99.76,1.7,1.42
Total,36,101.49,99.78,1.71,1.47
Total,37,101.41,99.75,1.66,1.42
Total,38,101.38,99.85,1.53,1.41
Total,39,101.2,99.78,1.42,1.24
Total,40,101.23,99.67,1.56,1.29
Total,41,101.1,99.7,1.4,1.16
Total,42,101.1,99.72,1.38,1.19
Total,43,101.04,99.62,1.42,1.13
Total,44,101.04,99.48,1.56,1.16
Total,45,100.93,99.5,1.43,1.04
Total,46,100.94,99.57,1.37,1.06
Total,47,100.85,99.58,1.27,0.96
Total,48,100.78,99.55,1.23,0.9
Total,49,100.69,99.59,1.1,0.81
Total,50,100.72,99.64,1.08,0.84
B-Class,1,98.62,89.27,9.35,-0.19
B-Class,2,100.04,94.63,5.41,0.01
B-Class,3,102.56,94.79,7.77,0.52
B-Class,4,103.59,94.9,8.69,0.82
B-Class,5,104.01,95.54,8.47,0.96
B-Class,6,105.93,96.79,9.14,1.52
B-Class,7,106.3,96.87,9.43,1.68
B-Class,8,105.22,96.0,9.22,1.44
B-Class,9,104.81,97.88,6.93,1.38
B-Class,10,104.42,99.23,5.19,1.31
B-Class,11,104.15,98.66,5.49,1.26
B-Class,12,103.43,98.62,4.81,1.06
B-Class,13,103.94,98.63,5.31,1.25
B-Class,14,103.78,98.8,4.98,1.21
B-Class,15,103.52,98.59,4.93,1.15
B-Class,16,103.42,98.92,4.5,1.12
B-Class,17,102.74,98.36,4.38,0.92
B-Class,18,102.36,98.5,3.86,0.81
B-Class,19,101.82,98.2,3.62,0.62
B-Class,20,101.34,97.66,3.68,0.47
B-Class,21,101.48,97.78,3.7,0.52
B-Class,22,101.78,97.56,4.22,0.63
B-Class,23,102.0,97.44,4.56,0.73
B-Class,24,101.91,97.96,3.95,0.7
B-Class,25,101.86,97.94,3.92,0.7
B-Class,26,101.48,97.66,3.82,0.56
B-Class,27,101.55,97.69,3.86,0.6
B-Class,28,101.26,97.73,3.53,0.49
B-Class,29,101.09,97.59,3.5,0.42
B-Class,30,101.1,97.3,3.8,0.43
B-Class,31,101.22,97.23,3.99,0.49
B-Class,32,101.05,97.22,3.83,0.42
B-Class,33,100.73,97.2,3.53,0.3
B-Class,34,100.83,96.97,3.86,0.34
B-Class,35,100.89,96.86,4.03,0.37
B-Class,36,101.05,97.01,4.04,0.44
B-Class,37,100.99,97.17,3.82,0.42
B-Class,38,101.16,97.17,3.99,0.49
B-Class,39,100.97,97.27,3.7,0.41
B-Class,40,100.76,97.27,3.49,0.33
B-Class,41,100.74,97.28,3.46,0.33
B-Class,42,100.68,97.51,3.17,0.3
B-Class,43,100.53,97.56,2.97,0.24
B-Class,44,100.72,97.35,3.37,0.32
B-Class,45,100.65,97.25,3.4,0.3
B-Class,46,100.63,97.32,3.31,0.29
B-Class,47,100.64,97.28,3.36,0.29
B-Class,48,100.39,97.26,3.13,0.18
B-Class,49,100.23,97.15,3.08,0.11
B-Class,50,100.41,97.47,2.94,0.19
C-Class,1,107.2,103.19,4.01,1.95
C-Class,2,109.61,100.15,9.46,3.33
C-Class,3,106.95,99.96,6.99,2.69
C-Class,4,105.43,100.51,4.92,2.24
C-Class,5,106.09,101.58,4.51,2.66
C-Class,6,106.07,101.68,4.39,2.74
C-Class,7,106.27,101.7,4.57,2.96
C-Class,8,105.89,101.66,4.23,2.92
C-Class,9,105.55,101.17,4.38,2.84
C-Class,10,105.73,101.54,4.19,3.06
C-Class,11,105.41,100.77,4.64,2.94
C-Class,12,104.6,100.9,3.7,2.56
C-Class,13,104.42,100.94,3.48,2.53
C-Class,14,104.35,100.77,3.58,2.55
C-Class,15,103.84,100.66,3.18,2.28
C-Class,16,103.95,100.57,3.38,2.43
C-Class,17,103.63,100.5,3.13,2.27
C-Class,18,103.49,100.29,3.2,2.21
C-Class,19,103.11,100.27,2.84,1.98
C-Class,20,103.04,100.29,2.75,1.98
C-Class,21,102.79,100.46,2.33,1.87
C-Class,22,102.66,100.41,2.25,1.81
C-Class,23,102.62,100.45,2.17,1.82
C-Class,24,102.41,100.69,1.72,1.69
C-Class,25,102.43,100.5,1.93,1.72
C-Class,26,102.42,100.52,1.9,1.75
C-Class,27,102.18,100.59,1.59,1.56
C-Class,28,102.05,100.58,1.47,1.5
C-Class,29,102.0,100.66,1.34,1.49
C-Class,30,101.99,100.93,1.06,1.52
C-Class,31,102.01,100.95,1.06,1.51
C-Class,32,101.88,100.79,1.09,1.45
C-Class,33,101.72,100.78,0.94,1.34
C-Class,34,101.57,100.76,0.81,1.25
C-Class,35,101.35,100.66,0.69,1.07
C-Class,36,101.3,100.7,0.6,1.05
C-Class,37,101.26,100.63,0.63,1.02
C-Class,38,101.22,100.76,0.46,1.02
C-Class,39,101.06,100.62,0.44,0.88
C-Class,40,101.06,100.57,0.49,0.91
C-Class,41,100.95,100.61,0.34,0.82
C-Class,42,100.93,100.53,0.4,0.8
C-Class,43,100.89,100.38,0.51,0.78
C-Class,44,100.86,100.2,0.66,0.76
C-Class,45,100.69,100.3,0.39,0.62
C-Class,46,100.76,100.32,0.44,0.68
C-Class,47,100.63,100.31,0.32,0.57
C-Class,48,100.59,100.27,0.32,0.53
C-Class,49,100.54,100.34,0.2,0.49
C-Class,50,100.57,100.3,0.27,0.53
M-Class,1,108.09,118.25,-10.16,1.07
M-Class,2,105.06,111.38,-6.32,0.89
M-Class,3,108.45,105.57,2.88,1.77
M-Class,4,105.83,105.02,0.81,1.37
M-Class,5,103.81,105.26,-1.45,0.96
M-Class,6,103.16,103.69,-0.53,0.84
M-Class,7,101.82,103.13,-1.31,0.51
M-Class,8,101.96,102.94,-0.98,0.57
M-Class,9,101.85,101.89,-0.04,0.56
M-Class,10,102.52,101.86,0.66,0.79
M-Class,11,102.55,101.61,0.94,0.82
M-Class,12,102.14,101.18,0.96,0.71
M-Class,13,101.54,100.57,0.97,0.52
M-Class,14,101.55,100.13,1.42,0.54
M-Class,15,101.72,100.6,1.12,0.61
M-Class,16,101.39,100.39,1.0,0.5
M-Class,17,100.97,100.51,0.46,0.36
M-Class,18,101.11,100.67,0.44,0.41
M-Class,19,101.24,100.1,1.14,0.47
M-Class,20,101.99,100.12,1.87,0.77
M-Class,21,102.79,99.74,3.05,1.11
M-Class,22,102.85,99.2,3.65,1.17
M-Class,23,103.15,99.53,3.62,1.29
M-Class,24,102.92,99.46,3.46,1.23
M-Class,25,103.3,99.54,3.76,1.4
M-Class,26,103.12,99.66,3.46,1.35
M-Class,27,102.92,99.14,3.78,1.26
M-Class,28,103.06,99.4,3.66,1.37
M-Class,29,103.47,99.68,3.79,1.56
M-Class,30,103.07,99.71,3.36,1.39
M-Class,31,103.12,99.13,3.99,1.45
M-Class,32,103.15,99.02,4.13,1.47
M-Class,33,102.99,99.03,3.96,1.41
M-Class,34,102.88,99.0,3.88,1.37
M-Class,35,102.92,99.33,3.59,1.43
M-Class,36,103.15,99.17,3.98,1.54
M-Class,37,103.13,98.79,4.34,1.54
M-Class,38,102.74,98.95,3.79,1.38
M-Class,39,102.56,98.79,3.77,1.3
M-Class,40,102.82,98.51,4.31,1.45
M-Class,41,102.68,98.6,4.08,1.41
M-Class,42,102.83,98.79,4.04,1.5
M-Class,43,102.81,98.82,3.99,1.51
M-Class,44,102.49,98.59,3.9,1.34
M-Class,45,102.66,98.66,4.0,1.44
M-Class,46,102.63,98.9,3.73,1.46
M-Class,47,102.38,99.11,3.27,1.32
M-Class,48,102.6,99.09,3.51,1.48
M-Class,49,102.36,99.09,3.27,1.34
M-Class,50,102.33,99.19,3.14,1.35
X-Class,1,102.04,102.05,-0.01,0.08
X-Class,2,108.03,74.83,33.2,0.46
X-Class,3,108.16,95.81,12.35,0.55
X-Class,4,102.16,101.77,0.39,0.17
X-Class,5,102.05,99.46,2.59,0.17
X-Class,6,104.08,102.53,1.55,0.37
X-Class,7,101.84,104.64,-2.8,0.18
X-Class,8,103.55,98.96,4.59,0.36
X-Class,9,99.39,95.34,4.05,-0.07
X-Class,10,98.44,95.14,3.3,-0.17
X-Class,11,99.93,98.58,1.35,-0.01
X-Class,12,100.14,97.79,2.35,0.02
X-Class,13,99.98,99.07,0.91,-0.0
X-Class,14,101.23,94.99,6.24,0.16
X-Class,15,99.57,95.8,3.77,-0.06
X-Class,16,97.78,94.67,3.11,-0.31
X-Class,17,98.42,95.9,2.52,-0.22
X-Class,18,96.72,95.84,0.88,-0.47
X-Class,19,96.66,94.99,1.67,-0.49
X-Class,20,96.01,93.09,2.92,-0.6
X-Class,21,96.28,92.75,3.53,-0.56
X-Class,22,96.78,92.96,3.82,-0.5
X-Class,23,95.97,92.34,3.63,-0.64
X-Class,24,96.13,94.4,1.73,-0.63
X-Class,25,95.51,93.49,2.02,-0.73
X-Class,26,95.45,94.98,0.47,-0.76
X-Class,27,96.5,95.25,1.25,-0.58
X-Class,28,96.65,94.37,2.28,-0.57
X-Class,29,98.61,96.09,2.52,-0.24
X-Class,30,98.62,95.89,2.73,-0.24
X-Class,31,98.5,95.86,2.64,-0.26
X-Class,32,97.52,95.28,2.24,-0.44
X-Class,33,97.06,95.15,1.91,-0.53
X-Class,34,97.76,95.31,2.45,-0.4
X-Class,35,98.64,97.06,1.58,-0.25
X-Class,36,99.92,97.73,2.19,-0.01
X-Class,37,99.09,98.08,1.01,-0.17
X-Class,38,99.84,98.55,1.29,-0.03
X-Class,39,99.52,98.51,1.01,-0.09
X-Class,40,99.94,98.13,1.81,-0.01
X-Class,41,100.73,97.86,2.87,0.15
X-Class,42,100.42,98.22,2.2,0.08
X-Class,43,99.15,97.14,2.01,-0.17
X-Class,44,98.91,96.6,2.31,-0.23
X-Class,45,98.94,96.26,2.68,-0.22
X-Class,46,99.07,96.45,2.62,-0.2
X-Class,47,100.32,98.63,1.69,0.07
X-Class,48,100.94,97.72,3.22,0.2
X-Class,49,100.26,97.62,2.64,0.06
X-Class,50,100.06,98.42,1.64,0.01
