SC,Start,End,N_Records,Planet,Window,Type,k_obs,k_exp,Ratio,p_val,Z_score
SC12,1878-12,1890-02,1372,Mercury,1,Conjunction,4,7.73,51.71,0.2779,-1.25
SC12,1878-12,1890-02,1372,Mercury,1,Opposition,6,7.5,80.04,0.755,-0.55
SC12,1878-12,1890-02,1372,Venus,1,Conjunction,5,7.57,66.07,0.5051,-0.96
SC12,1878-12,1890-02,1372,Venus,1,Opposition,8,7.55,105.9,0.9882,0.17
SC12,1878-12,1890-02,1372,Mars,1,Conjunction,7,7.75,90.36,0.9918,-0.27
SC12,1878-12,1890-02,1372,Mars,1,Opposition,6,7.57,79.31,0.7894,-0.54
SC12,1878-12,1890-02,1372,Jupiter,1,Conjunction,5,7.69,65.0,0.4751,-0.92
SC12,1878-12,1890-02,1372,Jupiter,1,Opposition,10,7.55,132.47,0.4139,0.91
SC12,1878-12,1890-02,1372,Saturn,1,Conjunction,2,7.6,26.31,0.0516,-2.04
SC12,1878-12,1890-02,1372,Saturn,1,Opposition,6,7.62,78.78,0.7191,-0.57
SC12,1878-12,1890-02,1372,Uranus,1,Conjunction,9,7.64,117.74,0.6863,0.5
SC12,1878-12,1890-02,1372,Uranus,1,Opposition,8,7.64,104.71,0.9974,0.13
SC12,1878-12,1890-02,1372,Neptune,1,Conjunction,4,7.67,52.15,0.2268,-1.37
SC12,1878-12,1890-02,1372,Neptune,1,Opposition,12,7.84,153.02,0.1868,1.51
SC12,1878-12,1890-02,1372,Mercury,2,Conjunction,12,15.38,78.01,0.5247,-0.78
SC12,1878-12,1890-02,1372,Mercury,2,Opposition,15,15.01,99.94,1.0,-0.0
SC12,1878-12,1890-02,1372,Venus,2,Conjunction,13,15.25,85.25,0.7095,-0.59
SC12,1878-12,1890-02,1372,Venus,2,Opposition,18,15.23,118.21,0.5299,0.77
SC12,1878-12,1890-02,1372,Mars,2,Conjunction,14,15.37,91.09,0.895,-0.37
SC12,1878-12,1890-02,1372,Mars,2,Opposition,15,15.14,99.05,1.0,-0.03
SC12,1878-12,1890-02,1372,Jupiter,2,Conjunction,11,15.29,71.95,0.3379,-1.04
SC12,1878-12,1890-02,1372,Jupiter,2,Opposition,18,15.18,118.55,0.4819,0.71
SC12,1878-12,1890-02,1372,Saturn,2,Conjunction,7,15.24,45.92,0.0364,-2.12
SC12,1878-12,1890-02,1372,Saturn,2,Opposition,15,15.11,99.24,1.0,-0.03
SC12,1878-12,1890-02,1372,Uranus,2,Conjunction,20,15.09,132.54,0.2492,1.28
SC12,1878-12,1890-02,1372,Uranus,2,Opposition,16,15.28,104.73,0.9186,0.18
SC12,1878-12,1890-02,1372,Neptune,2,Conjunction,12,15.26,78.65,0.4291,-0.91
SC12,1878-12,1890-02,1372,Neptune,2,Opposition,18,15.61,115.35,0.6039,0.63
SC12,1878-12,1890-02,1372,Mercury,3,Conjunction,19,22.92,82.88,0.5243,-0.74
SC12,1878-12,1890-02,1372,Mercury,3,Opposition,21,22.57,93.03,0.8342,-0.31
SC12,1878-12,1890-02,1372,Venus,3,Conjunction,20,22.87,87.46,0.6871,-0.63
SC12,1878-12,1890-02,1372,Venus,3,Opposition,22,22.97,95.78,0.9606,-0.22
SC12,1878-12,1890-02,1372,Mars,3,Conjunction,23,23.06,99.74,1.0,-0.01
SC12,1878-12,1890-02,1372,Mars,3,Opposition,22,22.61,97.3,1.0,-0.11
SC12,1878-12,1890-02,1372,Jupiter,3,Conjunction,19,22.91,82.93,0.5239,-0.72
SC12,1878-12,1890-02,1372,Jupiter,3,Opposition,26,22.75,114.3,0.4619,0.7
SC12,1878-12,1890-02,1372,Saturn,3,Conjunction,20,23.02,86.87,0.5975,-0.63
SC12,1878-12,1890-02,1372,Saturn,3,Opposition,21,22.61,92.87,0.8354,-0.34
SC12,1878-12,1890-02,1372,Uranus,3,Conjunction,26,22.83,113.89,0.5195,0.68
SC12,1878-12,1890-02,1372,Uranus,3,Opposition,20,22.78,87.8,0.6471,-0.57
SC12,1878-12,1890-02,1372,Neptune,3,Conjunction,21,22.77,92.21,0.8514,-0.39
SC12,1878-12,1890-02,1372,Neptune,3,Opposition,23,23.39,98.35,1.0,-0.08
SC12,1878-12,1890-02,1372,Mercury,4,Conjunction,24,30.7,78.18,0.3147,-1.08
SC12,1878-12,1890-02,1372,Mercury,4,Opposition,30,29.95,100.16,1.0,0.01
SC12,1878-12,1890-02,1372,Venus,4,Conjunction,26,30.35,85.66,0.4995,-0.85
SC12,1878-12,1890-02,1372,Venus,4,Opposition,30,30.42,98.63,1.0,-0.08
SC12,1878-12,1890-02,1372,Mars,4,Conjunction,36,30.68,117.32,0.3351,1.05
SC12,1878-12,1890-02,1372,Mars,4,Opposition,25,30.21,82.76,0.5167,-0.82
SC12,1878-12,1890-02,1372,Jupiter,4,Conjunction,26,30.51,85.21,0.5383,-0.69
SC12,1878-12,1890-02,1372,Jupiter,4,Opposition,36,30.31,118.76,0.3179,1.03
SC12,1878-12,1890-02,1372,Saturn,4,Conjunction,27,30.6,88.22,0.6095,-0.64
SC12,1878-12,1890-02,1372,Saturn,4,Opposition,30,30.36,98.81,1.0,-0.07
SC12,1878-12,1890-02,1372,Uranus,4,Conjunction,36,30.44,118.28,0.3427,1.02
SC12,1878-12,1890-02,1372,Uranus,4,Opposition,26,30.57,85.05,0.4951,-0.8
SC12,1878-12,1890-02,1372,Neptune,4,Conjunction,31,30.41,101.94,0.8862,0.11
SC12,1878-12,1890-02,1372,Neptune,4,Opposition,29,31.28,92.71,0.8246,-0.41
SC12,1878-12,1890-02,1372,Mercury,5,Conjunction,32,38.35,83.44,0.4327,-0.92
SC12,1878-12,1890-02,1372,Mercury,5,Opposition,38,37.55,101.2,0.9746,0.07
SC12,1878-12,1890-02,1372,Venus,5,Conjunction,35,38.01,92.09,0.7003,-0.52
SC12,1878-12,1890-02,1372,Venus,5,Opposition,40,38.07,105.08,0.8506,0.35
SC12,1878-12,1890-02,1372,Mars,5,Conjunction,41,38.43,106.69,0.6987,0.45
SC12,1878-12,1890-02,1372,Mars,5,Opposition,33,38.05,86.73,0.5939,-0.71
SC12,1878-12,1890-02,1372,Jupiter,5,Conjunction,34,38.06,89.33,0.6399,-0.55
SC12,1878-12,1890-02,1372,Jupiter,5,Opposition,42,37.93,110.73,0.5127,0.65
SC12,1878-12,1890-02,1372,Saturn,5,Conjunction,37,38.21,96.84,0.9282,-0.19
SC12,1878-12,1890-02,1372,Saturn,5,Opposition,39,37.93,102.82,0.8862,0.17
SC12,1878-12,1890-02,1372,Uranus,5,Conjunction,45,37.76,119.18,0.2731,1.16
SC12,1878-12,1890-02,1372,Uranus,5,Opposition,36,38.35,93.88,0.8078,-0.36
SC12,1878-12,1890-02,1372,Neptune,5,Conjunction,38,38.1,99.74,1.0,-0.02
SC12,1878-12,1890-02,1372,Neptune,5,Opposition,36,38.98,92.37,0.763,-0.46
SC13,1890-03,1901-12,2109,Mercury,1,Conjunction,12,11.9,100.86,1.0,0.03
SC13,1890-03,1901-12,2109,Mercury,1,Opposition,17,11.53,147.41,0.1952,1.52
SC13,1890-03,1901-12,2109,Venus,1,Conjunction,7,11.72,59.72,0.2531,-1.28
SC13,1890-03,1901-12,2109,Venus,1,Opposition,15,11.74,127.82,0.4555,0.87
SC13,1890-03,1901-12,2109,Mars,1,Conjunction,15,11.72,127.97,0.4219,0.93
SC13,1890-03,1901-12,2109,Mars,1,Opposition,9,11.83,76.1,0.4987,-0.86
SC13,1890-03,1901-12,2109,Jupiter,1,Conjunction,10,11.71,85.43,0.7682,-0.47
SC13,1890-03,1901-12,2109,Jupiter,1,Opposition,8,11.74,68.15,0.3783,-0.99
SC13,1890-03,1901-12,2109,Saturn,1,Conjunction,12,11.84,101.31,0.997,0.05
SC13,1890-03,1901-12,2109,Saturn,1,Opposition,16,11.67,137.12,0.2667,1.29
SC13,1890-03,1901-12,2109,Uranus,1,Conjunction,10,11.52,86.8,0.8402,-0.39
SC13,1890-03,1901-12,2109,Uranus,1,Opposition,10,11.76,85.03,0.7754,-0.48
SC13,1890-03,1901-12,2109,Neptune,1,Conjunction,8,11.61,68.93,0.3791,-1.03
SC13,1890-03,1901-12,2109,Neptune,1,Opposition,14,11.63,120.38,0.5411,0.7
SC13,1890-03,1901-12,2109,Mercury,2,Conjunction,29,23.78,121.93,0.3435,1.07
SC13,1890-03,1901-12,2109,Mercury,2,Opposition,29,23.11,125.48,0.3051,1.17
SC13,1890-03,1901-12,2109,Venus,2,Conjunction,16,23.45,68.24,0.166,-1.4
SC13,1890-03,1901-12,2109,Venus,2,Opposition,21,23.39,89.77,0.787,-0.45
SC13,1890-03,1901-12,2109,Mars,2,Conjunction,28,23.39,119.73,0.3835,0.89
SC13,1890-03,1901-12,2109,Mars,2,Opposition,27,23.63,114.27,0.5215,0.72
SC13,1890-03,1901-12,2109,Jupiter,2,Conjunction,22,23.28,94.51,0.8662,-0.24
SC13,1890-03,1901-12,2109,Jupiter,2,Opposition,23,23.48,97.96,1.0,-0.09
SC13,1890-03,1901-12,2109,Saturn,2,Conjunction,20,23.47,85.22,0.5891,-0.71
SC13,1890-03,1901-12,2109,Saturn,2,Opposition,25,23.23,107.61,0.7798,0.35
SC13,1890-03,1901-12,2109,Uranus,2,Conjunction,19,23.2,81.91,0.4963,-0.74
SC13,1890-03,1901-12,2109,Uranus,2,Opposition,19,23.64,80.38,0.4347,-0.87
SC13,1890-03,1901-12,2109,Neptune,2,Conjunction,19,23.34,81.4,0.4739,-0.85
SC13,1890-03,1901-12,2109,Neptune,2,Opposition,26,23.1,112.54,0.5759,0.6
SC13,1890-03,1901-12,2109,Mercury,3,Conjunction,44,35.68,123.33,0.1792,1.51
SC13,1890-03,1901-12,2109,Mercury,3,Opposition,40,34.48,116.0,0.3971,0.93
SC13,1890-03,1901-12,2109,Venus,3,Conjunction,31,35.25,87.95,0.6083,-0.66
SC13,1890-03,1901-12,2109,Venus,3,Opposition,33,35.11,94.0,0.881,-0.32
SC13,1890-03,1901-12,2109,Mars,3,Conjunction,37,34.69,106.67,0.7738,0.35
SC13,1890-03,1901-12,2109,Mars,3,Opposition,32,35.43,90.33,0.6207,-0.58
SC13,1890-03,1901-12,2109,Jupiter,3,Conjunction,30,35.09,85.5,0.5135,-0.77
SC13,1890-03,1901-12,2109,Jupiter,3,Opposition,32,35.1,91.18,0.7175,-0.43
SC13,1890-03,1901-12,2109,Saturn,3,Conjunction,30,35.18,85.27,0.4819,-0.85
SC13,1890-03,1901-12,2109,Saturn,3,Opposition,40,35.03,114.19,0.5103,0.79
SC13,1890-03,1901-12,2109,Uranus,3,Conjunction,27,34.6,78.02,0.2783,-1.09
SC13,1890-03,1901-12,2109,Uranus,3,Opposition,27,35.48,76.1,0.21,-1.21
SC13,1890-03,1901-12,2109,Neptune,3,Conjunction,27,35.04,77.06,0.2368,-1.29
SC13,1890-03,1901-12,2109,Neptune,3,Opposition,39,34.91,111.73,0.4959,0.67
SC13,1890-03,1901-12,2109,Mercury,4,Conjunction,57,47.65,119.62,0.1292,1.58
SC13,1890-03,1901-12,2109,Mercury,4,Opposition,48,46.12,104.08,0.7958,0.28
SC13,1890-03,1901-12,2109,Venus,4,Conjunction,39,47.07,82.85,0.3551,-1.04
SC13,1890-03,1901-12,2109,Venus,4,Opposition,49,46.93,104.41,0.8194,0.27
SC13,1890-03,1901-12,2109,Mars,4,Conjunction,42,46.58,90.17,0.6407,-0.58
SC13,1890-03,1901-12,2109,Mars,4,Opposition,38,47.23,80.45,0.2088,-1.34
SC13,1890-03,1901-12,2109,Jupiter,4,Conjunction,44,46.85,93.92,0.8222,-0.36
SC13,1890-03,1901-12,2109,Jupiter,4,Opposition,43,46.99,91.51,0.7319,-0.47
SC13,1890-03,1901-12,2109,Saturn,4,Conjunction,39,46.95,83.06,0.3119,-1.09
SC13,1890-03,1901-12,2109,Saturn,4,Opposition,51,46.86,108.84,0.6411,0.55
SC13,1890-03,1901-12,2109,Uranus,4,Conjunction,40,46.57,85.89,0.4555,-0.79
SC13,1890-03,1901-12,2109,Uranus,4,Opposition,38,47.27,80.39,0.2791,-1.11
SC13,1890-03,1901-12,2109,Neptune,4,Conjunction,39,46.73,83.45,0.3239,-1.05
SC13,1890-03,1901-12,2109,Neptune,4,Opposition,46,46.64,98.62,1.0,-0.09
SC13,1890-03,1901-12,2109,Mercury,5,Conjunction,72,59.72,120.56,0.0416,2.01
SC13,1890-03,1901-12,2109,Mercury,5,Opposition,57,57.69,98.81,0.987,-0.1
SC13,1890-03,1901-12,2109,Venus,5,Conjunction,48,58.71,81.76,0.2595,-1.25
SC13,1890-03,1901-12,2109,Venus,5,Opposition,61,58.68,103.96,0.829,0.27
SC13,1890-03,1901-12,2109,Mars,5,Conjunction,61,58.05,105.08,0.7163,0.33
SC13,1890-03,1901-12,2109,Mars,5,Opposition,47,59.08,79.55,0.1568,-1.55
SC13,1890-03,1901-12,2109,Jupiter,5,Conjunction,55,58.48,94.05,0.7586,-0.38
SC13,1890-03,1901-12,2109,Jupiter,5,Opposition,54,58.7,91.99,0.7087,-0.48
SC13,1890-03,1901-12,2109,Saturn,5,Conjunction,48,58.77,81.67,0.1812,-1.27
SC13,1890-03,1901-12,2109,Saturn,5,Opposition,60,58.31,102.91,0.9214,0.2
SC13,1890-03,1901-12,2109,Uranus,5,Conjunction,54,57.97,93.14,0.7423,-0.43
SC13,1890-03,1901-12,2109,Uranus,5,Opposition,48,59.1,81.21,0.2507,-1.2
SC13,1890-03,1901-12,2109,Neptune,5,Conjunction,48,58.32,82.3,0.2376,-1.22
SC13,1890-03,1901-12,2109,Neptune,5,Opposition,66,58.16,113.48,0.3399,0.95
SC14,1902-01,1913-06,1689,Mercury,1,Conjunction,12,9.31,128.87,0.4239,0.94
SC14,1902-01,1913-06,1689,Mercury,1,Opposition,14,9.53,146.93,0.204,1.47
SC14,1902-01,1913-06,1689,Venus,1,Conjunction,9,9.41,95.63,1.0,-0.13
SC14,1902-01,1913-06,1689,Venus,1,Opposition,9,9.37,96.04,1.0,-0.13
SC14,1902-01,1913-06,1689,Mars,1,Conjunction,7,9.47,73.92,0.5575,-0.8
SC14,1902-01,1913-06,1689,Mars,1,Opposition,6,9.31,64.47,0.3651,-1.07
SC14,1902-01,1913-06,1689,Jupiter,1,Conjunction,8,9.4,85.08,0.759,-0.47
SC14,1902-01,1913-06,1689,Jupiter,1,Opposition,6,9.34,64.23,0.3635,-1.11
SC14,1902-01,1913-06,1689,Saturn,1,Conjunction,12,9.35,128.33,0.4671,0.91
SC14,1902-01,1913-06,1689,Saturn,1,Opposition,8,9.43,84.83,0.8042,-0.48
SC14,1902-01,1913-06,1689,Uranus,1,Conjunction,8,9.38,85.27,0.855,-0.45
SC14,1902-01,1913-06,1689,Uranus,1,Opposition,8,9.42,84.95,0.805,-0.45
SC14,1902-01,1913-06,1689,Neptune,1,Conjunction,10,9.47,105.6,0.9718,0.17
SC14,1902-01,1913-06,1689,Neptune,1,Opposition,7,9.3,75.24,0.5767,-0.73
SC14,1902-01,1913-06,1689,Mercury,2,Conjunction,24,18.77,127.84,0.2372,1.37
SC14,1902-01,1913-06,1689,Mercury,2,Opposition,24,18.9,127.0,0.2747,1.19
SC14,1902-01,1913-06,1689,Venus,2,Conjunction,14,18.7,74.88,0.3035,-1.13
SC14,1902-01,1913-06,1689,Venus,2,Opposition,16,18.79,85.13,0.5423,-0.69
SC14,1902-01,1913-06,1689,Mars,2,Conjunction,12,18.85,63.66,0.1184,-1.54
SC14,1902-01,1913-06,1689,Mars,2,Opposition,14,18.75,74.65,0.3507,-1.04
SC14,1902-01,1913-06,1689,Jupiter,2,Conjunction,13,18.81,69.13,0.2344,-1.34
SC14,1902-01,1913-06,1689,Jupiter,2,Opposition,22,18.86,116.62,0.5143,0.74
SC14,1902-01,1913-06,1689,Saturn,2,Conjunction,18,18.71,96.23,0.9614,-0.16
SC14,1902-01,1913-06,1689,Saturn,2,Opposition,18,18.87,95.37,0.9838,-0.22
SC14,1902-01,1913-06,1689,Uranus,2,Conjunction,14,18.79,74.51,0.3667,-1.1
SC14,1902-01,1913-06,1689,Uranus,2,Opposition,13,18.66,69.65,0.3211,-1.22
SC14,1902-01,1913-06,1689,Neptune,2,Conjunction,22,18.96,116.03,0.5907,0.64
SC14,1902-01,1913-06,1689,Neptune,2,Opposition,18,18.75,96.02,0.9234,-0.15
SC14,1902-01,1913-06,1689,Mercury,3,Conjunction,33,28.12,117.35,0.3423,1.04
SC14,1902-01,1913-06,1689,Mercury,3,Opposition,31,28.5,108.79,0.6635,0.45
SC14,1902-01,1913-06,1689,Venus,3,Conjunction,21,28.11,74.69,0.196,-1.38
SC14,1902-01,1913-06,1689,Venus,3,Opposition,20,28.21,70.9,0.1132,-1.66
SC14,1902-01,1913-06,1689,Mars,3,Conjunction,24,28.17,85.2,0.5847,-0.73
SC14,1902-01,1913-06,1689,Mars,3,Opposition,24,28.16,85.22,0.5683,-0.73
SC14,1902-01,1913-06,1689,Jupiter,3,Conjunction,24,28.14,85.29,0.4663,-0.8
SC14,1902-01,1913-06,1689,Jupiter,3,Opposition,30,28.05,106.94,0.6875,0.38
SC14,1902-01,1913-06,1689,Saturn,3,Conjunction,35,28.21,124.09,0.2587,1.23
SC14,1902-01,1913-06,1689,Saturn,3,Opposition,26,28.31,91.85,0.7526,-0.46
SC14,1902-01,1913-06,1689,Uranus,3,Conjunction,23,28.25,81.41,0.4347,-0.96
SC14,1902-01,1913-06,1689,Uranus,3,Opposition,25,28.1,88.96,0.6643,-0.54
SC14,1902-01,1913-06,1689,Neptune,3,Conjunction,34,28.24,120.41,0.3647,0.96
SC14,1902-01,1913-06,1689,Neptune,3,Opposition,24,28.04,85.58,0.5047,-0.66
SC14,1902-01,1913-06,1689,Mercury,4,Conjunction,47,37.45,125.5,0.1092,1.69
SC14,1902-01,1913-06,1689,Mercury,4,Opposition,38,37.69,100.81,0.9718,0.05
SC14,1902-01,1913-06,1689,Venus,4,Conjunction,39,37.57,103.82,0.8638,0.24
SC14,1902-01,1913-06,1689,Venus,4,Opposition,31,37.44,82.79,0.2587,-1.1
SC14,1902-01,1913-06,1689,Mars,4,Conjunction,35,37.47,93.42,0.825,-0.37
SC14,1902-01,1913-06,1689,Mars,4,Opposition,34,37.48,90.72,0.7075,-0.54
SC14,1902-01,1913-06,1689,Jupiter,4,Conjunction,34,37.5,90.66,0.6415,-0.59
SC14,1902-01,1913-06,1689,Jupiter,4,Opposition,38,37.58,101.12,0.9798,0.07
SC14,1902-01,1913-06,1689,Saturn,4,Conjunction,42,37.37,112.39,0.4871,0.72
SC14,1902-01,1913-06,1689,Saturn,4,Opposition,37,37.71,98.13,1.0,-0.12
SC14,1902-01,1913-06,1689,Uranus,4,Conjunction,32,37.41,85.54,0.4883,-0.83
SC14,1902-01,1913-06,1689,Uranus,4,Opposition,35,37.51,93.31,0.7487,-0.37
SC14,1902-01,1913-06,1689,Neptune,4,Conjunction,47,37.91,123.98,0.2208,1.27
SC14,1902-01,1913-06,1689,Neptune,4,Opposition,32,37.46,85.43,0.4111,-0.74
SC14,1902-01,1913-06,1689,Mercury,5,Conjunction,56,46.82,119.62,0.188,1.45
SC14,1902-01,1913-06,1689,Mercury,5,Opposition,48,47.19,101.71,0.9026,0.11
SC14,1902-01,1913-06,1689,Venus,5,Conjunction,46,46.8,98.29,0.9926,-0.12
SC14,1902-01,1913-06,1689,Venus,5,Opposition,37,46.82,79.03,0.1716,-1.45
SC14,1902-01,1913-06,1689,Mars,5,Conjunction,45,46.79,96.18,0.9258,-0.23
SC14,1902-01,1913-06,1689,Mars,5,Opposition,44,46.94,93.73,0.8478,-0.41
SC14,1902-01,1913-06,1689,Jupiter,5,Conjunction,46,46.84,98.2,1.0,-0.13
SC14,1902-01,1913-06,1689,Jupiter,5,Opposition,53,46.98,112.81,0.4559,0.89
SC14,1902-01,1913-06,1689,Saturn,5,Conjunction,47,46.86,100.29,0.959,0.02
SC14,1902-01,1913-06,1689,Saturn,5,Opposition,49,47.12,103.98,0.8158,0.3
SC14,1902-01,1913-06,1689,Uranus,5,Conjunction,38,46.81,81.18,0.25,-1.22
SC14,1902-01,1913-06,1689,Uranus,5,Opposition,49,46.82,104.66,0.8806,0.28
SC14,1902-01,1913-06,1689,Neptune,5,Conjunction,56,47.32,118.34,0.3171,1.08
SC14,1902-01,1913-06,1689,Neptune,5,Opposition,47,46.72,100.6,0.9926,0.03
SC15,1913-07,1923-07,2703,Mercury,1,Conjunction,21,15.12,138.84,0.17,1.57
SC15,1913-07,1923-07,2703,Mercury,1,Opposition,16,14.76,108.42,0.8206,0.3
SC15,1913-07,1923-07,2703,Venus,1,Conjunction,18,14.91,120.7,0.5375,0.79
SC15,1913-07,1923-07,2703,Venus,1,Opposition,11,15.02,73.24,0.3379,-1.09
SC15,1913-07,1923-07,2703,Mars,1,Conjunction,17,14.94,113.77,0.6811,0.49
SC15,1913-07,1923-07,2703,Mars,1,Opposition,14,15.09,92.8,0.9598,-0.28
SC15,1913-07,1923-07,2703,Jupiter,1,Conjunction,19,14.97,126.89,0.3651,1.04
SC15,1913-07,1923-07,2703,Jupiter,1,Opposition,19,15.01,126.55,0.3503,1.07
SC15,1913-07,1923-07,2703,Saturn,1,Conjunction,11,15.0,73.35,0.3607,-1.05
SC15,1913-07,1923-07,2703,Saturn,1,Opposition,21,14.86,141.35,0.1524,1.61
SC15,1913-07,1923-07,2703,Uranus,1,Conjunction,15,15.0,99.97,1.0,-0.0
SC15,1913-07,1923-07,2703,Uranus,1,Opposition,11,15.09,72.89,0.3755,-1.0
SC15,1913-07,1923-07,2703,Neptune,1,Conjunction,20,15.11,132.35,0.2515,1.34
SC15,1913-07,1923-07,2703,Neptune,1,Opposition,16,14.85,107.71,0.8226,0.31
SC15,1913-07,1923-07,2703,Mercury,2,Conjunction,31,30.37,102.09,0.9446,0.12
SC15,1913-07,1923-07,2703,Mercury,2,Opposition,33,29.58,111.56,0.5907,0.58
SC15,1913-07,1923-07,2703,Venus,2,Conjunction,34,30.14,112.79,0.5395,0.71
SC15,1913-07,1923-07,2703,Venus,2,Opposition,29,30.04,96.53,0.9014,-0.2
SC15,1913-07,1923-07,2703,Mars,2,Conjunction,35,29.85,117.27,0.4403,0.83
SC15,1913-07,1923-07,2703,Mars,2,Opposition,29,30.21,96.0,0.9734,-0.21
SC15,1913-07,1923-07,2703,Jupiter,2,Conjunction,36,30.02,119.93,0.3455,1.04
SC15,1913-07,1923-07,2703,Jupiter,2,Opposition,41,30.02,136.56,0.074,1.95
SC15,1913-07,1923-07,2703,Saturn,2,Conjunction,21,30.07,69.83,0.1356,-1.65
SC15,1913-07,1923-07,2703,Saturn,2,Opposition,41,29.95,136.89,0.0784,2.07
SC15,1913-07,1923-07,2703,Uranus,2,Conjunction,34,30.02,113.25,0.5499,0.66
SC15,1913-07,1923-07,2703,Uranus,2,Opposition,25,30.21,82.76,0.4479,-0.88
SC15,1913-07,1923-07,2703,Neptune,2,Conjunction,37,30.12,122.83,0.234,1.28
SC15,1913-07,1923-07,2703,Neptune,2,Opposition,30,29.99,100.03,1.0,0.0
SC15,1913-07,1923-07,2703,Mercury,3,Conjunction,50,45.49,109.91,0.5015,0.69
SC15,1913-07,1923-07,2703,Mercury,3,Opposition,50,44.29,112.89,0.4627,0.81
SC15,1913-07,1923-07,2703,Venus,3,Conjunction,47,45.18,104.02,0.8722,0.29
SC15,1913-07,1923-07,2703,Venus,3,Opposition,40,44.89,89.11,0.4835,-0.82
SC15,1913-07,1923-07,2703,Mars,3,Conjunction,50,44.98,111.15,0.5703,0.62
SC15,1913-07,1923-07,2703,Mars,3,Opposition,43,45.21,95.1,0.9002,-0.3
SC15,1913-07,1923-07,2703,Jupiter,3,Conjunction,54,45.12,119.69,0.2767,1.23
SC15,1913-07,1923-07,2703,Jupiter,3,Opposition,56,45.0,124.45,0.1636,1.53
SC15,1913-07,1923-07,2703,Saturn,3,Conjunction,35,45.02,77.75,0.1596,-1.5
SC15,1913-07,1923-07,2703,Saturn,3,Opposition,54,44.7,120.82,0.172,1.47
SC15,1913-07,1923-07,2703,Uranus,3,Conjunction,47,44.9,104.67,0.829,0.29
SC15,1913-07,1923-07,2703,Uranus,3,Opposition,39,45.26,86.16,0.4719,-0.88
SC15,1913-07,1923-07,2703,Neptune,3,Conjunction,53,45.09,117.54,0.2356,1.18
SC15,1913-07,1923-07,2703,Neptune,3,Opposition,48,44.78,107.19,0.7387,0.45
SC15,1913-07,1923-07,2703,Mercury,4,Conjunction,71,60.59,117.18,0.2088,1.37
SC15,1913-07,1923-07,2703,Mercury,4,Opposition,71,59.44,119.44,0.156,1.48
SC15,1913-07,1923-07,2703,Venus,4,Conjunction,60,60.27,99.55,0.993,-0.04
SC15,1913-07,1923-07,2703,Venus,4,Opposition,60,59.94,100.1,1.0,0.01
SC15,1913-07,1923-07,2703,Mars,4,Conjunction,64,59.82,106.98,0.7291,0.42
SC15,1913-07,1923-07,2703,Mars,4,Opposition,56,60.37,92.75,0.7471,-0.49
SC15,1913-07,1923-07,2703,Jupiter,4,Conjunction,66,60.24,109.56,0.5619,0.65
SC15,1913-07,1923-07,2703,Jupiter,4,Opposition,70,59.97,116.72,0.2759,1.15
SC15,1913-07,1923-07,2703,Saturn,4,Conjunction,47,60.14,78.15,0.0828,-1.69
SC15,1913-07,1923-07,2703,Saturn,4,Opposition,77,59.7,128.98,0.04,2.26
SC15,1913-07,1923-07,2703,Uranus,4,Conjunction,67,59.92,111.82,0.4447,0.87
SC15,1913-07,1923-07,2703,Uranus,4,Opposition,54,60.31,89.54,0.4475,-0.79
SC15,1913-07,1923-07,2703,Neptune,4,Conjunction,72,60.18,119.65,0.1064,1.46
SC15,1913-07,1923-07,2703,Neptune,4,Opposition,70,59.8,117.06,0.1932,1.22
SC15,1913-07,1923-07,2703,Mercury,5,Conjunction,87,75.98,114.5,0.2631,1.28
SC15,1913-07,1923-07,2703,Mercury,5,Opposition,83,74.11,112.0,0.3107,1.02
SC15,1913-07,1923-07,2703,Venus,5,Conjunction,68,75.02,90.64,0.4147,-0.93
SC15,1913-07,1923-07,2703,Venus,5,Opposition,74,75.07,98.57,0.9586,-0.15
SC15,1913-07,1923-07,2703,Mars,5,Conjunction,72,74.63,96.48,0.7754,-0.23
SC15,1913-07,1923-07,2703,Mars,5,Opposition,69,75.64,91.23,0.6331,-0.64
SC15,1913-07,1923-07,2703,Jupiter,5,Conjunction,80,74.99,106.68,0.6723,0.5
SC15,1913-07,1923-07,2703,Jupiter,5,Opposition,86,75.12,114.48,0.2995,1.08
SC15,1913-07,1923-07,2703,Saturn,5,Conjunction,64,75.17,85.14,0.2216,-1.3
SC15,1913-07,1923-07,2703,Saturn,5,Opposition,93,74.77,124.37,0.06,2.07
SC15,1913-07,1923-07,2703,Uranus,5,Conjunction,85,74.57,113.99,0.2396,1.13
SC15,1913-07,1923-07,2703,Uranus,5,Opposition,74,75.77,97.66,0.9546,-0.2
SC15,1913-07,1923-07,2703,Neptune,5,Conjunction,82,75.15,109.12,0.4747,0.74
SC15,1913-07,1923-07,2703,Neptune,5,Opposition,86,74.75,115.05,0.1988,1.19
SC16,1923-08,1933-08,2191,Mercury,1,Conjunction,10,12.28,81.46,0.6811,-0.64
SC16,1923-08,1933-08,2191,Mercury,1,Opposition,14,12.1,115.75,0.6319,0.57
SC16,1923-08,1933-08,2191,Venus,1,Conjunction,8,12.17,65.73,0.2855,-1.17
SC16,1923-08,1933-08,2191,Venus,1,Opposition,15,12.11,123.9,0.4775,0.82
SC16,1923-08,1933-08,2191,Mars,1,Conjunction,13,12.26,105.99,0.9034,0.22
SC16,1923-08,1933-08,2191,Mars,1,Opposition,7,12.19,57.42,0.1844,-1.35
SC16,1923-08,1933-08,2191,Jupiter,1,Conjunction,12,12.19,98.46,1.0,-0.06
SC16,1923-08,1933-08,2191,Jupiter,1,Opposition,9,12.16,74.03,0.4471,-0.92
SC16,1923-08,1933-08,2191,Saturn,1,Conjunction,11,12.17,90.41,0.8622,-0.34
SC16,1923-08,1933-08,2191,Saturn,1,Opposition,5,12.12,41.25,0.0112,-2.16
SC16,1923-08,1933-08,2191,Uranus,1,Conjunction,14,12.12,115.49,0.6739,0.57
SC16,1923-08,1933-08,2191,Uranus,1,Opposition,9,12.17,73.96,0.4403,-0.93
SC16,1923-08,1933-08,2191,Neptune,1,Conjunction,15,12.01,124.85,0.4667,0.93
SC16,1923-08,1933-08,2191,Neptune,1,Opposition,8,12.27,65.18,0.2208,-1.37
SC16,1923-08,1933-08,2191,Mercury,2,Conjunction,16,24.4,65.57,0.104,-1.63
SC16,1923-08,1933-08,2191,Mercury,2,Opposition,24,24.13,99.46,1.0,-0.03
SC16,1923-08,1933-08,2191,Venus,2,Conjunction,21,24.25,86.58,0.5631,-0.67
SC16,1923-08,1933-08,2191,Venus,2,Opposition,26,24.25,107.19,0.7906,0.38
SC16,1923-08,1933-08,2191,Mars,2,Conjunction,26,24.32,106.91,0.8326,0.36
SC16,1923-08,1933-08,2191,Mars,2,Opposition,17,24.21,70.21,0.206,-1.3
SC16,1923-08,1933-08,2191,Jupiter,2,Conjunction,23,24.27,94.75,0.8586,-0.29
SC16,1923-08,1933-08,2191,Jupiter,2,Opposition,16,24.36,65.68,0.1056,-1.7
SC16,1923-08,1933-08,2191,Saturn,2,Conjunction,30,24.31,123.41,0.2851,1.2
SC16,1923-08,1933-08,2191,Saturn,2,Opposition,18,24.35,73.91,0.1656,-1.49
SC16,1923-08,1933-08,2191,Uranus,2,Conjunction,27,24.28,111.2,0.6191,0.62
SC16,1923-08,1933-08,2191,Uranus,2,Opposition,25,24.41,102.41,0.9574,0.13
SC16,1923-08,1933-08,2191,Neptune,2,Conjunction,29,24.2,119.81,0.3831,1.08
SC16,1923-08,1933-08,2191,Neptune,2,Opposition,19,24.61,77.2,0.2444,-1.29
SC16,1923-08,1933-08,2191,Mercury,3,Conjunction,22,36.7,59.94,0.0172,-2.23
SC16,1923-08,1933-08,2191,Mercury,3,Opposition,45,36.37,123.72,0.1796,1.47
SC16,1923-08,1933-08,2191,Venus,3,Conjunction,33,36.66,90.02,0.5759,-0.64
SC16,1923-08,1933-08,2191,Venus,3,Opposition,39,36.52,106.8,0.7467,0.44
SC16,1923-08,1933-08,2191,Mars,3,Conjunction,40,36.57,109.37,0.6247,0.61
SC16,1923-08,1933-08,2191,Mars,3,Opposition,24,36.5,65.75,0.0772,-1.77
SC16,1923-08,1933-08,2191,Jupiter,3,Conjunction,40,36.66,109.1,0.5235,0.63
SC16,1923-08,1933-08,2191,Jupiter,3,Opposition,36,36.43,98.82,1.0,-0.07
SC16,1923-08,1933-08,2191,Saturn,3,Conjunction,47,36.58,128.5,0.0432,1.88
SC16,1923-08,1933-08,2191,Saturn,3,Opposition,26,36.62,71.01,0.0392,-2.21
SC16,1923-08,1933-08,2191,Uranus,3,Conjunction,42,36.33,115.61,0.3099,1.06
SC16,1923-08,1933-08,2191,Uranus,3,Opposition,37,36.66,100.92,0.9802,0.06
SC16,1923-08,1933-08,2191,Neptune,3,Conjunction,38,36.47,104.19,0.8246,0.29
SC16,1923-08,1933-08,2191,Neptune,3,Opposition,31,36.96,83.87,0.3175,-1.12
SC16,1923-08,1933-08,2191,Mercury,4,Conjunction,35,48.91,71.56,0.0796,-1.78
SC16,1923-08,1933-08,2191,Mercury,4,Opposition,61,48.38,126.09,0.0876,1.89
SC16,1923-08,1933-08,2191,Venus,4,Conjunction,39,48.68,80.12,0.1616,-1.54
SC16,1923-08,1933-08,2191,Venus,4,Opposition,53,48.64,108.97,0.5323,0.7
SC16,1923-08,1933-08,2191,Mars,4,Conjunction,53,48.77,108.68,0.6215,0.64
SC16,1923-08,1933-08,2191,Mars,4,Opposition,32,48.79,65.59,0.0492,-1.98
SC16,1923-08,1933-08,2191,Jupiter,4,Conjunction,54,48.66,110.97,0.4219,0.88
SC16,1923-08,1933-08,2191,Jupiter,4,Opposition,56,48.64,115.13,0.3059,1.11
SC16,1923-08,1933-08,2191,Saturn,4,Conjunction,60,48.71,123.18,0.054,1.89
SC16,1923-08,1933-08,2191,Saturn,4,Opposition,40,48.5,82.48,0.138,-1.58
SC16,1923-08,1933-08,2191,Uranus,4,Conjunction,59,48.67,121.23,0.1112,1.69
SC16,1923-08,1933-08,2191,Uranus,4,Opposition,49,48.91,100.19,1.0,0.01
SC16,1923-08,1933-08,2191,Neptune,4,Conjunction,47,48.54,96.83,0.9206,-0.26
SC16,1923-08,1933-08,2191,Neptune,4,Opposition,42,49.23,85.32,0.2803,-1.17
SC16,1923-08,1933-08,2191,Mercury,5,Conjunction,52,61.24,84.92,0.4171,-1.02
SC16,1923-08,1933-08,2191,Mercury,5,Opposition,70,60.69,115.35,0.2831,1.24
SC16,1923-08,1933-08,2191,Venus,5,Conjunction,51,60.79,83.89,0.1924,-1.41
SC16,1923-08,1933-08,2191,Venus,5,Opposition,66,60.88,108.41,0.5395,0.77
SC16,1923-08,1933-08,2191,Mars,5,Conjunction,71,60.93,116.53,0.2539,1.32
SC16,1923-08,1933-08,2191,Mars,5,Opposition,40,60.7,65.89,0.0408,-2.07
SC16,1923-08,1933-08,2191,Jupiter,5,Conjunction,66,60.92,108.34,0.4927,0.75
SC16,1923-08,1933-08,2191,Jupiter,5,Opposition,64,60.72,105.4,0.7175,0.43
SC16,1923-08,1933-08,2191,Saturn,5,Conjunction,73,61.0,119.68,0.0596,1.88
SC16,1923-08,1933-08,2191,Saturn,5,Opposition,53,60.66,87.37,0.2124,-1.35
SC16,1923-08,1933-08,2191,Uranus,5,Conjunction,67,60.66,110.46,0.3787,0.94
SC16,1923-08,1933-08,2191,Uranus,5,Opposition,62,60.96,101.71,0.929,0.15
SC16,1923-08,1933-08,2191,Neptune,5,Conjunction,57,60.57,94.11,0.6943,-0.54
SC16,1923-08,1933-08,2191,Neptune,5,Opposition,52,61.5,84.55,0.1672,-1.38
SC17,1933-09,1944-01,2481,Mercury,1,Conjunction,4,14.04,28.49,0.0048,-2.65
SC17,1933-09,1944-01,2481,Mercury,1,Opposition,11,13.49,81.52,0.5995,-0.7
SC17,1933-09,1944-01,2481,Venus,1,Conjunction,10,13.71,72.96,0.3663,-0.98
SC17,1933-09,1944-01,2481,Venus,1,Opposition,14,13.77,101.64,1.0,0.06
SC17,1933-09,1944-01,2481,Mars,1,Conjunction,14,13.69,102.27,0.9862,0.08
SC17,1933-09,1944-01,2481,Mars,1,Opposition,15,13.83,108.43,0.8378,0.29
SC17,1933-09,1944-01,2481,Jupiter,1,Conjunction,19,13.76,138.13,0.208,1.37
SC17,1933-09,1944-01,2481,Jupiter,1,Opposition,13,13.78,94.31,1.0,-0.2
SC17,1933-09,1944-01,2481,Saturn,1,Conjunction,16,13.74,116.43,0.6311,0.54
SC17,1933-09,1944-01,2481,Saturn,1,Opposition,14,13.81,101.34,1.0,0.05
SC17,1933-09,1944-01,2481,Uranus,1,Conjunction,9,13.6,66.18,0.3031,-1.13
SC17,1933-09,1944-01,2481,Uranus,1,Opposition,15,13.86,108.19,0.8122,0.28
SC17,1933-09,1944-01,2481,Neptune,1,Conjunction,14,13.95,100.35,1.0,0.01
SC17,1933-09,1944-01,2481,Neptune,1,Opposition,9,13.7,65.68,0.3047,-1.21
SC17,1933-09,1944-01,2481,Mercury,2,Conjunction,16,27.93,57.29,0.0312,-2.29
SC17,1933-09,1944-01,2481,Mercury,2,Opposition,25,27.07,92.36,0.773,-0.4
SC17,1933-09,1944-01,2481,Venus,2,Conjunction,16,27.49,58.2,0.0348,-2.17
SC17,1933-09,1944-01,2481,Venus,2,Opposition,26,27.53,94.43,0.853,-0.3
SC17,1933-09,1944-01,2481,Mars,2,Conjunction,30,27.22,110.21,0.6767,0.46
SC17,1933-09,1944-01,2481,Mars,2,Opposition,29,27.78,104.38,0.8462,0.21
SC17,1933-09,1944-01,2481,Jupiter,2,Conjunction,36,27.5,130.91,0.1936,1.5
SC17,1933-09,1944-01,2481,Jupiter,2,Opposition,25,27.7,90.24,0.759,-0.48
SC17,1933-09,1944-01,2481,Saturn,2,Conjunction,31,27.63,112.21,0.6043,0.55
SC17,1933-09,1944-01,2481,Saturn,2,Opposition,31,27.49,112.76,0.5567,0.59
SC17,1933-09,1944-01,2481,Uranus,2,Conjunction,22,27.13,81.11,0.4599,-0.84
SC17,1933-09,1944-01,2481,Uranus,2,Opposition,26,27.82,93.45,0.8558,-0.31
SC17,1933-09,1944-01,2481,Neptune,2,Conjunction,29,27.93,103.83,0.919,0.18
SC17,1933-09,1944-01,2481,Neptune,2,Opposition,18,27.61,65.2,0.0892,-1.74
SC17,1933-09,1944-01,2481,Mercury,3,Conjunction,29,41.98,69.08,0.058,-2.06
SC17,1933-09,1944-01,2481,Mercury,3,Opposition,39,40.58,96.11,0.8366,-0.24
SC17,1933-09,1944-01,2481,Venus,3,Conjunction,24,41.26,58.17,0.008,-2.75
SC17,1933-09,1944-01,2481,Venus,3,Opposition,43,41.22,104.32,0.8182,0.29
SC17,1933-09,1944-01,2481,Mars,3,Conjunction,42,40.85,102.82,0.9598,0.15
SC17,1933-09,1944-01,2481,Mars,3,Opposition,40,41.72,95.87,0.8914,-0.24
SC17,1933-09,1944-01,2481,Jupiter,3,Conjunction,53,41.23,128.53,0.1248,1.69
SC17,1933-09,1944-01,2481,Jupiter,3,Opposition,40,41.57,96.23,0.9262,-0.22
SC17,1933-09,1944-01,2481,Saturn,3,Conjunction,43,41.76,102.98,0.9142,0.16
SC17,1933-09,1944-01,2481,Saturn,3,Opposition,44,41.32,106.5,0.773,0.35
SC17,1933-09,1944-01,2481,Uranus,3,Conjunction,34,40.8,83.34,0.4403,-0.9
SC17,1933-09,1944-01,2481,Uranus,3,Opposition,43,41.74,103.03,0.9402,0.16
SC17,1933-09,1944-01,2481,Neptune,3,Conjunction,38,41.74,91.04,0.6907,-0.5
SC17,1933-09,1944-01,2481,Neptune,3,Opposition,38,41.24,92.15,0.7307,-0.46
SC17,1933-09,1944-01,2481,Mercury,4,Conjunction,43,56.08,76.67,0.092,-1.81
SC17,1933-09,1944-01,2481,Mercury,4,Opposition,58,54.12,107.16,0.7411,0.52
SC17,1933-09,1944-01,2481,Venus,4,Conjunction,38,55.4,68.6,0.0264,-2.47
SC17,1933-09,1944-01,2481,Venus,4,Opposition,57,55.11,103.43,0.8242,0.28
SC17,1933-09,1944-01,2481,Mars,4,Conjunction,55,54.76,100.45,1.0,0.03
SC17,1933-09,1944-01,2481,Mars,4,Opposition,58,55.78,103.98,0.8702,0.27
SC17,1933-09,1944-01,2481,Jupiter,4,Conjunction,71,55.15,128.73,0.086,1.9
SC17,1933-09,1944-01,2481,Jupiter,4,Opposition,53,55.34,95.77,0.8974,-0.28
SC17,1933-09,1944-01,2481,Saturn,4,Conjunction,60,55.28,108.55,0.6287,0.53
SC17,1933-09,1944-01,2481,Saturn,4,Opposition,57,54.96,103.72,0.8714,0.22
SC17,1933-09,1944-01,2481,Uranus,4,Conjunction,46,54.36,84.63,0.4035,-0.94
SC17,1933-09,1944-01,2481,Uranus,4,Opposition,60,55.97,107.19,0.7283,0.47
SC17,1933-09,1944-01,2481,Neptune,4,Conjunction,46,55.51,82.87,0.3747,-1.07
SC17,1933-09,1944-01,2481,Neptune,4,Opposition,47,54.83,85.72,0.4347,-0.96
SC17,1933-09,1944-01,2481,Mercury,5,Conjunction,62,70.02,88.55,0.4027,-0.96
SC17,1933-09,1944-01,2481,Mercury,5,Opposition,68,67.48,100.77,0.999,0.06
SC17,1933-09,1944-01,2481,Venus,5,Conjunction,48,69.08,69.49,0.0088,-2.77
SC17,1933-09,1944-01,2481,Venus,5,Opposition,71,68.79,103.21,0.7974,0.3
SC17,1933-09,1944-01,2481,Mars,5,Conjunction,68,68.24,99.65,1.0,-0.02
SC17,1933-09,1944-01,2481,Mars,5,Opposition,72,69.61,103.44,0.8762,0.25
SC17,1933-09,1944-01,2481,Jupiter,5,Conjunction,82,68.56,119.6,0.1976,1.43
SC17,1933-09,1944-01,2481,Jupiter,5,Opposition,66,68.91,95.78,0.9246,-0.31
SC17,1933-09,1944-01,2481,Saturn,5,Conjunction,81,69.16,117.12,0.2212,1.12
SC17,1933-09,1944-01,2481,Saturn,5,Opposition,65,68.63,94.72,0.751,-0.34
SC17,1933-09,1944-01,2481,Uranus,5,Conjunction,55,68.26,80.58,0.2064,-1.34
SC17,1933-09,1944-01,2481,Uranus,5,Opposition,73,69.47,105.09,0.7846,0.36
SC17,1933-09,1944-01,2481,Neptune,5,Conjunction,60,69.47,86.36,0.4395,-0.94
SC17,1933-09,1944-01,2481,Neptune,5,Opposition,61,68.54,89.0,0.5327,-0.82
SC18,1944-02,1954-03,2253,Mercury,1,Conjunction,12,12.66,94.81,1.0,-0.19
SC18,1944-02,1954-03,2253,Mercury,1,Opposition,10,12.3,81.27,0.6115,-0.67
SC18,1944-02,1954-03,2253,Venus,1,Conjunction,6,12.53,47.9,0.0652,-1.88
SC18,1944-02,1954-03,2253,Venus,1,Opposition,13,12.46,104.32,0.9574,0.16
SC18,1944-02,1954-03,2253,Mars,1,Conjunction,17,12.44,136.71,0.3067,1.16
SC18,1944-02,1954-03,2253,Mars,1,Opposition,13,12.56,103.49,0.9386,0.12
SC18,1944-02,1954-03,2253,Jupiter,1,Conjunction,17,12.43,136.77,0.2675,1.24
SC18,1944-02,1954-03,2253,Jupiter,1,Opposition,11,12.6,87.31,0.8134,-0.43
SC18,1944-02,1954-03,2253,Saturn,1,Conjunction,13,12.47,104.24,0.9478,0.15
SC18,1944-02,1954-03,2253,Saturn,1,Opposition,12,12.54,95.66,1.0,-0.16
SC18,1944-02,1954-03,2253,Uranus,1,Conjunction,12,12.51,95.9,1.0,-0.15
SC18,1944-02,1954-03,2253,Uranus,1,Opposition,11,12.63,87.08,0.7774,-0.45
SC18,1944-02,1954-03,2253,Neptune,1,Conjunction,12,12.56,95.54,0.9822,-0.15
SC18,1944-02,1954-03,2253,Neptune,1,Opposition,18,12.31,146.22,0.1328,1.61
SC18,1944-02,1954-03,2253,Mercury,2,Conjunction,26,25.26,102.91,0.925,0.14
SC18,1944-02,1954-03,2253,Mercury,2,Opposition,22,24.76,88.84,0.6579,-0.56
SC18,1944-02,1954-03,2253,Venus,2,Conjunction,16,25.03,63.93,0.048,-1.84
SC18,1944-02,1954-03,2253,Venus,2,Opposition,20,24.98,80.07,0.3775,-0.99
SC18,1944-02,1954-03,2253,Mars,2,Conjunction,27,24.78,108.96,0.781,0.39
SC18,1944-02,1954-03,2253,Mars,2,Opposition,27,25.32,106.64,0.7982,0.29
SC18,1944-02,1954-03,2253,Jupiter,2,Conjunction,24,24.91,96.34,1.0,-0.17
SC18,1944-02,1954-03,2253,Jupiter,2,Opposition,25,25.12,99.53,1.0,-0.02
SC18,1944-02,1954-03,2253,Saturn,2,Conjunction,24,25.11,95.57,0.9798,-0.2
SC18,1944-02,1954-03,2253,Saturn,2,Opposition,28,25.06,111.71,0.5631,0.59
SC18,1944-02,1954-03,2253,Uranus,2,Conjunction,27,25.06,107.73,0.7882,0.38
SC18,1944-02,1954-03,2253,Uranus,2,Opposition,22,25.24,87.16,0.5743,-0.63
SC18,1944-02,1954-03,2253,Neptune,2,Conjunction,21,24.94,84.19,0.5123,-0.74
SC18,1944-02,1954-03,2253,Neptune,2,Opposition,30,24.59,122.02,0.3591,1.05
SC18,1944-02,1954-03,2253,Mercury,3,Conjunction,34,38.07,89.31,0.5991,-0.65
SC18,1944-02,1954-03,2253,Mercury,3,Opposition,34,37.38,90.97,0.6663,-0.53
SC18,1944-02,1954-03,2253,Venus,3,Conjunction,30,37.53,79.94,0.2436,-1.23
SC18,1944-02,1954-03,2253,Venus,3,Opposition,34,37.57,90.49,0.6499,-0.57
SC18,1944-02,1954-03,2253,Mars,3,Conjunction,38,37.26,101.98,0.991,0.1
SC18,1944-02,1954-03,2253,Mars,3,Opposition,43,37.75,113.91,0.4839,0.71
SC18,1944-02,1954-03,2253,Jupiter,3,Conjunction,39,37.29,104.58,0.7854,0.27
SC18,1944-02,1954-03,2253,Jupiter,3,Opposition,37,37.73,98.06,0.8906,-0.11
SC18,1944-02,1954-03,2253,Saturn,3,Conjunction,38,37.4,101.6,0.9042,0.09
SC18,1944-02,1954-03,2253,Saturn,3,Opposition,38,37.41,101.58,0.9474,0.09
SC18,1944-02,1954-03,2253,Uranus,3,Conjunction,41,37.38,109.68,0.5867,0.59
SC18,1944-02,1954-03,2253,Uranus,3,Opposition,34,37.77,90.02,0.6087,-0.62
SC18,1944-02,1954-03,2253,Neptune,3,Conjunction,33,37.6,87.77,0.4795,-0.71
SC18,1944-02,1954-03,2253,Neptune,3,Opposition,45,36.94,121.81,0.2276,1.27
SC18,1944-02,1954-03,2253,Mercury,4,Conjunction,42,50.76,82.75,0.2731,-1.23
SC18,1944-02,1954-03,2253,Mercury,4,Opposition,46,49.66,92.63,0.6815,-0.49
SC18,1944-02,1954-03,2253,Venus,4,Conjunction,40,50.03,79.96,0.1712,-1.37
SC18,1944-02,1954-03,2253,Venus,4,Opposition,43,49.96,86.07,0.4191,-0.94
SC18,1944-02,1954-03,2253,Mars,4,Conjunction,50,49.63,100.74,1.0,0.04
SC18,1944-02,1954-03,2253,Mars,4,Opposition,55,50.62,108.65,0.6211,0.5
SC18,1944-02,1954-03,2253,Jupiter,4,Conjunction,54,49.95,108.11,0.6331,0.55
SC18,1944-02,1954-03,2253,Jupiter,4,Opposition,47,50.07,93.87,0.6619,-0.4
SC18,1944-02,1954-03,2253,Saturn,4,Conjunction,54,50.12,107.74,0.6183,0.48
SC18,1944-02,1954-03,2253,Saturn,4,Opposition,50,49.9,100.2,1.0,0.01
SC18,1944-02,1954-03,2253,Uranus,4,Conjunction,56,49.79,112.47,0.4079,0.87
SC18,1944-02,1954-03,2253,Uranus,4,Opposition,51,50.34,101.31,1.0,0.09
SC18,1944-02,1954-03,2253,Neptune,4,Conjunction,46,49.83,92.31,0.6319,-0.5
SC18,1944-02,1954-03,2253,Neptune,4,Opposition,55,49.24,111.69,0.5119,0.76
SC18,1944-02,1954-03,2253,Mercury,5,Conjunction,54,63.15,85.51,0.3235,-1.11
SC18,1944-02,1954-03,2253,Mercury,5,Opposition,62,62.04,99.94,1.0,-0.0
SC18,1944-02,1954-03,2253,Venus,5,Conjunction,49,62.46,78.46,0.0908,-1.67
SC18,1944-02,1954-03,2253,Venus,5,Opposition,54,62.62,86.23,0.3975,-1.02
SC18,1944-02,1954-03,2253,Mars,5,Conjunction,65,62.24,104.44,0.8186,0.28
SC18,1944-02,1954-03,2253,Mars,5,Opposition,69,63.1,109.34,0.5775,0.57
SC18,1944-02,1954-03,2253,Jupiter,5,Conjunction,69,62.5,110.4,0.4255,0.83
SC18,1944-02,1954-03,2253,Jupiter,5,Opposition,62,62.75,98.8,0.8902,-0.09
SC18,1944-02,1954-03,2253,Saturn,5,Conjunction,60,62.79,95.56,0.8718,-0.3
SC18,1944-02,1954-03,2253,Saturn,5,Opposition,65,62.33,104.29,0.7399,0.31
SC18,1944-02,1954-03,2253,Uranus,5,Conjunction,69,62.55,110.32,0.4363,0.8
SC18,1944-02,1954-03,2253,Uranus,5,Opposition,68,63.09,107.78,0.5763,0.6
SC18,1944-02,1954-03,2253,Neptune,5,Conjunction,60,62.06,96.67,0.8258,-0.23
SC18,1944-02,1954-03,2253,Neptune,5,Opposition,66,61.4,107.49,0.6355,0.54
SC19,1954-04,1964-09,3243,Mercury,1,Conjunction,15,18.26,82.14,0.5403,-0.76
SC19,1954-04,1964-09,3243,Mercury,1,Opposition,17,17.84,95.3,1.0,-0.2
SC19,1954-04,1964-09,3243,Venus,1,Conjunction,18,17.91,100.51,1.0,0.02
SC19,1954-04,1964-09,3243,Venus,1,Opposition,21,18.0,116.67,0.5631,0.69
SC19,1954-04,1964-09,3243,Mars,1,Conjunction,21,17.93,117.09,0.5611,0.66
SC19,1954-04,1964-09,3243,Mars,1,Opposition,17,18.01,94.37,0.9322,-0.23
SC19,1954-04,1964-09,3243,Jupiter,1,Conjunction,22,18.03,121.99,0.3747,0.99
SC19,1954-04,1964-09,3243,Jupiter,1,Opposition,18,17.9,100.54,1.0,0.02
SC19,1954-04,1964-09,3243,Saturn,1,Conjunction,10,18.05,55.4,0.0536,-2.01
SC19,1954-04,1964-09,3243,Saturn,1,Opposition,16,17.97,89.03,0.7694,-0.45
SC19,1954-04,1964-09,3243,Uranus,1,Conjunction,20,17.93,111.51,0.7027,0.49
SC19,1954-04,1964-09,3243,Uranus,1,Opposition,15,18.18,82.51,0.5071,-0.83
SC19,1954-04,1964-09,3243,Neptune,1,Conjunction,15,18.14,82.68,0.5879,-0.67
SC19,1954-04,1964-09,3243,Neptune,1,Opposition,20,17.95,111.41,0.6871,0.47
SC19,1954-04,1964-09,3243,Mercury,2,Conjunction,37,36.5,101.38,0.9862,0.09
SC19,1954-04,1964-09,3243,Mercury,2,Opposition,37,35.62,103.87,0.8414,0.24
SC19,1954-04,1964-09,3243,Venus,2,Conjunction,32,36.08,88.7,0.6351,-0.61
SC19,1954-04,1964-09,3243,Venus,2,Opposition,30,36.0,83.33,0.4071,-0.95
SC19,1954-04,1964-09,3243,Mars,2,Conjunction,34,35.9,94.72,0.8938,-0.26
SC19,1954-04,1964-09,3243,Mars,2,Opposition,46,36.2,127.06,0.1596,1.52
SC19,1954-04,1964-09,3243,Jupiter,2,Conjunction,37,35.95,102.91,0.9646,0.18
SC19,1954-04,1964-09,3243,Jupiter,2,Opposition,39,35.97,108.43,0.6355,0.51
SC19,1954-04,1964-09,3243,Saturn,2,Conjunction,18,36.13,49.81,0.0024,-3.06
SC19,1954-04,1964-09,3243,Saturn,2,Opposition,42,36.03,116.56,0.3879,0.91
SC19,1954-04,1964-09,3243,Uranus,2,Conjunction,35,36.02,97.17,0.9946,-0.17
SC19,1954-04,1964-09,3243,Uranus,2,Opposition,31,36.18,85.69,0.4419,-0.91
SC19,1954-04,1964-09,3243,Neptune,2,Conjunction,38,35.98,105.62,0.7906,0.29
SC19,1954-04,1964-09,3243,Neptune,2,Opposition,47,35.84,131.16,0.0948,1.78
SC19,1954-04,1964-09,3243,Mercury,3,Conjunction,61,54.41,112.1,0.3683,0.97
SC19,1954-04,1964-09,3243,Mercury,3,Opposition,57,53.55,106.45,0.6795,0.5
SC19,1954-04,1964-09,3243,Venus,3,Conjunction,46,53.99,85.21,0.3495,-0.94
SC19,1954-04,1964-09,3243,Venus,3,Opposition,45,54.13,83.14,0.3107,-1.09
SC19,1954-04,1964-09,3243,Mars,3,Conjunction,48,53.69,89.4,0.5859,-0.64
SC19,1954-04,1964-09,3243,Mars,3,Opposition,58,54.0,107.41,0.6523,0.51
SC19,1954-04,1964-09,3243,Jupiter,3,Conjunction,53,54.12,97.94,0.827,-0.16
SC19,1954-04,1964-09,3243,Jupiter,3,Opposition,59,53.86,109.54,0.4815,0.7
SC19,1954-04,1964-09,3243,Saturn,3,Conjunction,38,54.23,70.07,0.0452,-2.12
SC19,1954-04,1964-09,3243,Saturn,3,Opposition,68,54.09,125.72,0.1076,1.75
SC19,1954-04,1964-09,3243,Uranus,3,Conjunction,51,53.64,95.08,0.8618,-0.35
SC19,1954-04,1964-09,3243,Uranus,3,Opposition,54,54.39,99.29,0.9906,-0.05
SC19,1954-04,1964-09,3243,Neptune,3,Conjunction,54,54.29,99.46,1.0,-0.03
SC19,1954-04,1964-09,3243,Neptune,3,Opposition,64,54.09,118.32,0.2216,1.29
SC19,1954-04,1964-09,3243,Mercury,4,Conjunction,77,72.96,105.53,0.6839,0.52
SC19,1954-04,1964-09,3243,Mercury,4,Opposition,76,71.42,106.41,0.6095,0.57
SC19,1954-04,1964-09,3243,Venus,4,Conjunction,65,72.23,89.99,0.5263,-0.71
SC19,1954-04,1964-09,3243,Venus,4,Opposition,62,71.87,86.26,0.3439,-0.98
SC19,1954-04,1964-09,3243,Mars,4,Conjunction,69,71.84,96.04,0.8622,-0.26
SC19,1954-04,1964-09,3243,Mars,4,Opposition,74,72.36,102.27,0.9142,0.17
SC19,1954-04,1964-09,3243,Jupiter,4,Conjunction,72,72.15,99.79,0.9326,-0.02
SC19,1954-04,1964-09,3243,Jupiter,4,Opposition,76,72.05,105.48,0.6355,0.47
SC19,1954-04,1964-09,3243,Saturn,4,Conjunction,52,72.41,71.82,0.0296,-2.24
SC19,1954-04,1964-09,3243,Saturn,4,Opposition,85,71.8,118.39,0.1836,1.42
SC19,1954-04,1964-09,3243,Uranus,4,Conjunction,63,71.65,87.93,0.3451,-0.96
SC19,1954-04,1964-09,3243,Uranus,4,Opposition,69,72.56,95.09,0.8338,-0.41
SC19,1954-04,1964-09,3243,Neptune,4,Conjunction,71,72.36,98.13,0.9878,-0.13
SC19,1954-04,1964-09,3243,Neptune,4,Opposition,83,71.87,115.48,0.232,1.23
SC19,1954-04,1964-09,3243,Mercury,5,Conjunction,94,90.91,103.4,0.7918,0.36
SC19,1954-04,1964-09,3243,Mercury,5,Opposition,89,89.28,99.68,1.0,-0.03
SC19,1954-04,1964-09,3243,Venus,5,Conjunction,82,90.23,90.88,0.5271,-0.71
SC19,1954-04,1964-09,3243,Venus,5,Opposition,85,89.91,94.54,0.7794,-0.42
SC19,1954-04,1964-09,3243,Mars,5,Conjunction,88,89.49,98.33,0.9174,-0.12
SC19,1954-04,1964-09,3243,Mars,5,Opposition,93,90.3,102.98,0.8102,0.25
SC19,1954-04,1964-09,3243,Jupiter,5,Conjunction,99,90.15,109.82,0.3375,1.01
SC19,1954-04,1964-09,3243,Jupiter,5,Opposition,92,89.82,102.43,0.8254,0.24
SC19,1954-04,1964-09,3243,Saturn,5,Conjunction,63,90.1,69.92,0.0016,-2.63
SC19,1954-04,1964-09,3243,Saturn,5,Opposition,104,89.97,115.59,0.2112,1.34
SC19,1954-04,1964-09,3243,Uranus,5,Conjunction,78,89.93,86.73,0.2284,-1.15
SC19,1954-04,1964-09,3243,Uranus,5,Opposition,89,90.67,98.16,1.0,-0.17
SC19,1954-04,1964-09,3243,Neptune,5,Conjunction,95,90.8,104.62,0.6895,0.35
SC19,1954-04,1964-09,3243,Neptune,5,Opposition,108,89.8,120.27,0.114,1.76
SC20,1964-10,1976-02,3079,Mercury,1,Conjunction,14,17.34,80.73,0.5763,-0.77
SC20,1964-10,1976-02,3079,Mercury,1,Opposition,19,16.92,112.3,0.6627,0.53
SC20,1964-10,1976-02,3079,Venus,1,Conjunction,19,17.16,110.72,0.7343,0.43
SC20,1964-10,1976-02,3079,Venus,1,Opposition,16,17.22,92.93,0.8634,-0.29
SC20,1964-10,1976-02,3079,Mars,1,Conjunction,27,17.08,158.09,0.0456,2.28
SC20,1964-10,1976-02,3079,Mars,1,Opposition,19,17.12,110.99,0.7251,0.44
SC20,1964-10,1976-02,3079,Jupiter,1,Conjunction,29,16.98,170.78,0.0076,2.89
SC20,1964-10,1976-02,3079,Jupiter,1,Opposition,21,17.04,123.26,0.3979,0.99
SC20,1964-10,1976-02,3079,Saturn,1,Conjunction,25,17.11,146.1,0.11,1.84
SC20,1964-10,1976-02,3079,Saturn,1,Opposition,23,17.04,134.98,0.2144,1.41
SC20,1964-10,1976-02,3079,Uranus,1,Conjunction,18,16.99,105.92,0.8626,0.23
SC20,1964-10,1976-02,3079,Uranus,1,Opposition,20,17.27,115.83,0.5847,0.64
SC20,1964-10,1976-02,3079,Neptune,1,Conjunction,21,17.2,122.08,0.4307,0.92
SC20,1964-10,1976-02,3079,Neptune,1,Opposition,24,17.04,140.85,0.1276,1.7
SC20,1964-10,1976-02,3079,Mercury,2,Conjunction,36,34.65,103.89,0.861,0.22
SC20,1964-10,1976-02,3079,Mercury,2,Opposition,37,33.63,110.01,0.5351,0.62
SC20,1964-10,1976-02,3079,Venus,2,Conjunction,44,34.14,128.89,0.1188,1.7
SC20,1964-10,1976-02,3079,Venus,2,Opposition,31,34.06,91.02,0.7083,-0.53
SC20,1964-10,1976-02,3079,Mars,2,Conjunction,40,34.08,117.37,0.3439,0.92
SC20,1964-10,1976-02,3079,Mars,2,Opposition,42,34.32,122.38,0.2559,1.25
SC20,1964-10,1976-02,3079,Jupiter,2,Conjunction,48,34.13,140.65,0.0292,2.37
SC20,1964-10,1976-02,3079,Jupiter,2,Opposition,43,34.27,125.46,0.1504,1.51
SC20,1964-10,1976-02,3079,Saturn,2,Conjunction,39,34.26,113.84,0.4883,0.78
SC20,1964-10,1976-02,3079,Saturn,2,Opposition,38,34.09,111.45,0.6423,0.61
SC20,1964-10,1976-02,3079,Uranus,2,Conjunction,30,33.96,88.34,0.6059,-0.63
SC20,1964-10,1976-02,3079,Uranus,2,Opposition,42,34.42,122.03,0.2763,1.2
SC20,1964-10,1976-02,3079,Neptune,2,Conjunction,42,34.49,121.76,0.2647,1.28
SC20,1964-10,1976-02,3079,Neptune,2,Opposition,38,34.09,111.47,0.5747,0.68
SC20,1964-10,1976-02,3079,Mercury,3,Conjunction,48,51.96,92.38,0.7103,-0.53
SC20,1964-10,1976-02,3079,Mercury,3,Opposition,58,50.72,114.36,0.2432,1.08
SC20,1964-10,1976-02,3079,Venus,3,Conjunction,59,51.31,114.98,0.3355,1.08
SC20,1964-10,1976-02,3079,Venus,3,Opposition,53,51.08,103.75,0.7854,0.27
SC20,1964-10,1976-02,3079,Mars,3,Conjunction,56,51.07,109.66,0.5351,0.59
SC20,1964-10,1976-02,3079,Mars,3,Opposition,60,51.3,116.95,0.2879,1.16
SC20,1964-10,1976-02,3079,Jupiter,3,Conjunction,68,51.17,132.88,0.0216,2.27
SC20,1964-10,1976-02,3079,Jupiter,3,Opposition,60,51.54,116.42,0.2507,1.21
SC20,1964-10,1976-02,3079,Saturn,3,Conjunction,54,51.54,104.78,0.8138,0.33
SC20,1964-10,1976-02,3079,Saturn,3,Opposition,62,51.22,121.05,0.2064,1.35
SC20,1964-10,1976-02,3079,Uranus,3,Conjunction,51,50.88,100.24,1.0,0.02
SC20,1964-10,1976-02,3079,Uranus,3,Opposition,55,51.44,106.92,0.7786,0.45
SC20,1964-10,1976-02,3079,Neptune,3,Conjunction,62,51.75,119.8,0.176,1.44
SC20,1964-10,1976-02,3079,Neptune,3,Opposition,54,51.13,105.61,0.7514,0.41
SC20,1964-10,1976-02,3079,Mercury,4,Conjunction,67,69.33,96.64,0.881,-0.28
SC20,1964-10,1976-02,3079,Mercury,4,Opposition,72,67.26,107.05,0.5255,0.61
SC20,1964-10,1976-02,3079,Venus,4,Conjunction,77,68.5,112.4,0.3387,1.04
SC20,1964-10,1976-02,3079,Venus,4,Opposition,66,68.57,96.25,0.8466,-0.32
SC20,1964-10,1976-02,3079,Mars,4,Conjunction,70,68.23,102.59,0.867,0.18
SC20,1964-10,1976-02,3079,Mars,4,Opposition,82,68.84,119.12,0.1936,1.48
SC20,1964-10,1976-02,3079,Jupiter,4,Conjunction,87,68.39,127.22,0.0324,2.08
SC20,1964-10,1976-02,3079,Jupiter,4,Opposition,76,68.45,111.03,0.3019,0.97
SC20,1964-10,1976-02,3079,Saturn,4,Conjunction,74,68.51,108.02,0.5771,0.64
SC20,1964-10,1976-02,3079,Saturn,4,Opposition,83,68.06,121.95,0.1384,1.55
SC20,1964-10,1976-02,3079,Uranus,4,Conjunction,69,67.67,101.97,0.9526,0.15
SC20,1964-10,1976-02,3079,Uranus,4,Opposition,76,68.69,110.65,0.5143,0.79
SC20,1964-10,1976-02,3079,Neptune,4,Conjunction,85,69.3,122.66,0.0228,1.86
SC20,1964-10,1976-02,3079,Neptune,4,Opposition,60,68.48,87.61,0.3159,-1.02
SC20,1964-10,1976-02,3079,Mercury,5,Conjunction,84,86.76,96.82,0.8762,-0.29
SC20,1964-10,1976-02,3079,Mercury,5,Opposition,88,84.31,104.38,0.6235,0.42
SC20,1964-10,1976-02,3079,Venus,5,Conjunction,92,85.54,107.55,0.4823,0.7
SC20,1964-10,1976-02,3079,Venus,5,Opposition,78,85.41,91.33,0.4419,-0.84
SC20,1964-10,1976-02,3079,Mars,5,Conjunction,88,85.23,103.26,0.8186,0.24
SC20,1964-10,1976-02,3079,Mars,5,Opposition,91,85.8,106.06,0.5899,0.51
SC20,1964-10,1976-02,3079,Jupiter,5,Conjunction,104,85.67,121.4,0.0664,1.83
SC20,1964-10,1976-02,3079,Jupiter,5,Opposition,96,85.83,111.85,0.2352,1.17
SC20,1964-10,1976-02,3079,Saturn,5,Conjunction,86,85.9,100.11,0.997,0.01
SC20,1964-10,1976-02,3079,Saturn,5,Opposition,103,85.32,120.73,0.1224,1.61
SC20,1964-10,1976-02,3079,Uranus,5,Conjunction,79,84.73,93.24,0.5687,-0.54
SC20,1964-10,1976-02,3079,Uranus,5,Opposition,95,85.71,110.83,0.4391,0.86
SC20,1964-10,1976-02,3079,Neptune,5,Conjunction,98,86.44,113.37,0.2759,1.17
SC20,1964-10,1976-02,3079,Neptune,5,Opposition,77,85.32,90.25,0.3755,-0.89
SC21,1976-03,1986-08,2110,Mercury,1,Conjunction,10,11.96,83.62,0.7291,-0.56
SC21,1976-03,1986-08,2110,Mercury,1,Opposition,13,11.62,111.9,0.7319,0.42
SC21,1976-03,1986-08,2110,Venus,1,Conjunction,15,11.68,128.45,0.3771,1.07
SC21,1976-03,1986-08,2110,Venus,1,Opposition,13,11.72,110.91,0.7758,0.38
SC21,1976-03,1986-08,2110,Mars,1,Conjunction,12,11.5,104.35,0.9782,0.14
SC21,1976-03,1986-08,2110,Mars,1,Opposition,17,11.79,144.25,0.184,1.43
SC21,1976-03,1986-08,2110,Jupiter,1,Conjunction,12,11.76,102.0,1.0,0.07
SC21,1976-03,1986-08,2110,Jupiter,1,Opposition,8,11.69,68.46,0.3335,-1.09
SC21,1976-03,1986-08,2110,Saturn,1,Conjunction,9,11.82,76.15,0.5583,-0.79
SC21,1976-03,1986-08,2110,Saturn,1,Opposition,16,11.67,137.09,0.3203,1.17
SC21,1976-03,1986-08,2110,Uranus,1,Conjunction,11,11.61,94.72,1.0,-0.17
SC21,1976-03,1986-08,2110,Uranus,1,Opposition,13,11.79,110.24,0.783,0.35
SC21,1976-03,1986-08,2110,Neptune,1,Conjunction,20,11.88,168.29,0.0652,2.01
SC21,1976-03,1986-08,2110,Neptune,1,Opposition,11,11.65,94.45,1.0,-0.17
SC21,1976-03,1986-08,2110,Mercury,2,Conjunction,18,24.01,74.97,0.2507,-1.24
SC21,1976-03,1986-08,2110,Mercury,2,Opposition,21,23.12,90.84,0.763,-0.49
SC21,1976-03,1986-08,2110,Venus,2,Conjunction,24,23.45,102.33,0.9906,0.13
SC21,1976-03,1986-08,2110,Venus,2,Opposition,33,23.43,140.82,0.0636,2.11
SC21,1976-03,1986-08,2110,Mars,2,Conjunction,21,23.26,90.28,0.759,-0.43
SC21,1976-03,1986-08,2110,Mars,2,Opposition,35,23.64,148.06,0.0512,2.1
SC21,1976-03,1986-08,2110,Jupiter,2,Conjunction,22,23.62,93.13,0.8258,-0.33
SC21,1976-03,1986-08,2110,Jupiter,2,Opposition,23,23.51,97.85,0.9802,-0.1
SC21,1976-03,1986-08,2110,Saturn,2,Conjunction,18,23.63,76.17,0.3535,-1.09
SC21,1976-03,1986-08,2110,Saturn,2,Opposition,30,23.33,128.57,0.2635,1.2
SC21,1976-03,1986-08,2110,Uranus,2,Conjunction,30,23.2,129.31,0.2456,1.29
SC21,1976-03,1986-08,2110,Uranus,2,Opposition,24,23.64,101.53,0.9898,0.07
SC21,1976-03,1986-08,2110,Neptune,2,Conjunction,37,23.78,155.58,0.0428,2.22
SC21,1976-03,1986-08,2110,Neptune,2,Opposition,24,23.31,102.98,0.9722,0.12
SC21,1976-03,1986-08,2110,Mercury,3,Conjunction,25,35.75,69.93,0.04,-1.86
SC21,1976-03,1986-08,2110,Mercury,3,Opposition,28,34.59,80.95,0.2148,-1.33
SC21,1976-03,1986-08,2110,Venus,3,Conjunction,39,35.17,110.9,0.5379,0.78
SC21,1976-03,1986-08,2110,Venus,3,Opposition,44,35.2,124.99,0.1472,1.6
SC21,1976-03,1986-08,2110,Mars,3,Conjunction,35,34.8,100.57,0.9958,0.03
SC21,1976-03,1986-08,2110,Mars,3,Opposition,54,35.38,152.63,0.0196,2.81
SC21,1976-03,1986-08,2110,Jupiter,3,Conjunction,31,35.21,88.03,0.5223,-0.71
SC21,1976-03,1986-08,2110,Jupiter,3,Opposition,32,35.16,91.01,0.6687,-0.53
SC21,1976-03,1986-08,2110,Saturn,3,Conjunction,27,35.38,76.32,0.2284,-1.3
SC21,1976-03,1986-08,2110,Saturn,3,Opposition,38,35.04,108.43,0.7163,0.41
SC21,1976-03,1986-08,2110,Uranus,3,Conjunction,42,34.93,120.25,0.3255,1.05
SC21,1976-03,1986-08,2110,Uranus,3,Opposition,34,35.31,96.29,0.8994,-0.19
SC21,1976-03,1986-08,2110,Neptune,3,Conjunction,45,35.58,126.48,0.236,1.26
SC21,1976-03,1986-08,2110,Neptune,3,Opposition,41,34.86,117.61,0.4503,0.85
SC21,1976-03,1986-08,2110,Mercury,4,Conjunction,33,47.74,69.12,0.0144,-2.2
SC21,1976-03,1986-08,2110,Mercury,4,Opposition,39,46.06,84.66,0.2607,-1.24
SC21,1976-03,1986-08,2110,Venus,4,Conjunction,53,46.76,113.35,0.3603,1.11
SC21,1976-03,1986-08,2110,Venus,4,Opposition,58,46.84,123.82,0.0904,1.86
SC21,1976-03,1986-08,2110,Mars,4,Conjunction,44,46.35,94.93,0.8522,-0.32
SC21,1976-03,1986-08,2110,Mars,4,Opposition,69,47.41,145.55,0.0244,2.78
SC21,1976-03,1986-08,2110,Jupiter,4,Conjunction,46,46.76,98.37,0.9638,-0.11
SC21,1976-03,1986-08,2110,Jupiter,4,Opposition,47,46.99,100.03,1.0,0.0
SC21,1976-03,1986-08,2110,Saturn,4,Conjunction,39,47.02,82.94,0.3199,-1.07
SC21,1976-03,1986-08,2110,Saturn,4,Opposition,49,46.47,105.45,0.7802,0.31
SC21,1976-03,1986-08,2110,Uranus,4,Conjunction,55,46.52,118.24,0.3079,1.04
SC21,1976-03,1986-08,2110,Uranus,4,Opposition,49,47.31,103.56,0.9318,0.21
SC21,1976-03,1986-08,2110,Neptune,4,Conjunction,60,47.57,126.14,0.1812,1.43
SC21,1976-03,1986-08,2110,Neptune,4,Opposition,51,46.68,109.25,0.6883,0.51
SC21,1976-03,1986-08,2110,Mercury,5,Conjunction,45,59.66,75.42,0.0372,-2.02
SC21,1976-03,1986-08,2110,Mercury,5,Opposition,52,57.6,90.28,0.4575,-0.88
SC21,1976-03,1986-08,2110,Venus,5,Conjunction,64,58.54,109.33,0.4435,0.89
SC21,1976-03,1986-08,2110,Venus,5,Opposition,66,58.75,112.34,0.3275,1.13
SC21,1976-03,1986-08,2110,Mars,5,Conjunction,54,58.0,93.1,0.7674,-0.48
SC21,1976-03,1986-08,2110,Mars,5,Opposition,84,59.21,141.88,0.0224,2.84
SC21,1976-03,1986-08,2110,Jupiter,5,Conjunction,58,58.58,99.01,0.9682,-0.08
SC21,1976-03,1986-08,2110,Jupiter,5,Opposition,53,58.67,90.34,0.4627,-0.75
SC21,1976-03,1986-08,2110,Saturn,5,Conjunction,52,58.77,88.48,0.5123,-0.79
SC21,1976-03,1986-08,2110,Saturn,5,Opposition,56,58.45,95.81,0.8066,-0.26
SC21,1976-03,1986-08,2110,Uranus,5,Conjunction,66,58.07,113.66,0.4199,0.86
SC21,1976-03,1986-08,2110,Uranus,5,Opposition,64,58.86,108.74,0.6835,0.56
SC21,1976-03,1986-08,2110,Neptune,5,Conjunction,71,59.35,119.62,0.242,1.2
SC21,1976-03,1986-08,2110,Neptune,5,Opposition,57,58.14,98.05,0.9166,-0.12
SC22,1986-09,1996-07,1636,Mercury,1,Conjunction,10,9.18,108.93,0.917,0.28
SC22,1986-09,1996-07,1636,Mercury,1,Opposition,6,8.98,66.81,0.4303,-1.03
SC22,1986-09,1996-07,1636,Venus,1,Conjunction,12,9.08,132.17,0.4083,1.05
SC22,1986-09,1996-07,1636,Venus,1,Opposition,8,9.14,87.52,0.8082,-0.4
SC22,1986-09,1996-07,1636,Mars,1,Conjunction,6,9.1,65.94,0.4459,-0.98
SC22,1986-09,1996-07,1636,Mars,1,Opposition,9,9.02,99.76,1.0,-0.01
SC22,1986-09,1996-07,1636,Jupiter,1,Conjunction,13,9.01,144.25,0.2503,1.37
SC22,1986-09,1996-07,1636,Jupiter,1,Opposition,10,9.1,109.9,0.833,0.31
SC22,1986-09,1996-07,1636,Saturn,1,Conjunction,14,9.08,154.25,0.1704,1.6
SC22,1986-09,1996-07,1636,Saturn,1,Opposition,11,8.96,122.72,0.5555,0.66
SC22,1986-09,1996-07,1636,Uranus,1,Conjunction,10,9.07,110.26,0.8174,0.33
SC22,1986-09,1996-07,1636,Uranus,1,Opposition,8,9.11,87.78,0.8754,-0.38
SC22,1986-09,1996-07,1636,Neptune,1,Conjunction,15,9.15,163.94,0.0656,1.92
SC22,1986-09,1996-07,1636,Neptune,1,Opposition,4,9.1,43.97,0.1228,-1.71
SC22,1986-09,1996-07,1636,Mercury,2,Conjunction,18,18.35,98.08,1.0,-0.09
SC22,1986-09,1996-07,1636,Mercury,2,Opposition,15,17.97,83.48,0.5859,-0.77
SC22,1986-09,1996-07,1636,Venus,2,Conjunction,23,18.23,126.2,0.2871,1.24
SC22,1986-09,1996-07,1636,Venus,2,Opposition,17,18.27,93.07,0.8338,-0.31
SC22,1986-09,1996-07,1636,Mars,2,Conjunction,16,18.17,88.04,0.7191,-0.45
SC22,1986-09,1996-07,1636,Mars,2,Opposition,26,18.34,141.73,0.1304,1.7
SC22,1986-09,1996-07,1636,Jupiter,2,Conjunction,20,18.13,110.29,0.7247,0.47
SC22,1986-09,1996-07,1636,Jupiter,2,Opposition,18,18.18,99.01,1.0,-0.05
SC22,1986-09,1996-07,1636,Saturn,2,Conjunction,24,18.12,132.44,0.2236,1.31
SC22,1986-09,1996-07,1636,Saturn,2,Opposition,21,18.06,116.28,0.5491,0.68
SC22,1986-09,1996-07,1636,Uranus,2,Conjunction,12,18.1,66.31,0.156,-1.49
SC22,1986-09,1996-07,1636,Uranus,2,Opposition,15,18.35,81.75,0.5039,-0.81
SC22,1986-09,1996-07,1636,Neptune,2,Conjunction,19,18.23,104.24,0.8922,0.18
SC22,1986-09,1996-07,1636,Neptune,2,Opposition,15,18.11,82.82,0.5267,-0.8
SC22,1986-09,1996-07,1636,Mercury,3,Conjunction,29,27.33,106.1,0.8066,0.34
SC22,1986-09,1996-07,1636,Mercury,3,Opposition,22,27.12,81.13,0.3331,-1.08
SC22,1986-09,1996-07,1636,Venus,3,Conjunction,32,27.22,117.55,0.3867,1.01
SC22,1986-09,1996-07,1636,Venus,3,Opposition,26,27.29,95.27,0.851,-0.27
SC22,1986-09,1996-07,1636,Mars,3,Conjunction,27,27.2,99.25,1.0,-0.03
SC22,1986-09,1996-07,1636,Mars,3,Opposition,32,27.41,116.76,0.4783,0.8
SC22,1986-09,1996-07,1636,Jupiter,3,Conjunction,26,27.25,95.42,0.9366,-0.26
SC22,1986-09,1996-07,1636,Jupiter,3,Opposition,28,27.27,102.68,0.9498,0.16
SC22,1986-09,1996-07,1636,Saturn,3,Conjunction,35,27.53,127.12,0.2064,1.3
SC22,1986-09,1996-07,1636,Saturn,3,Opposition,31,27.12,114.3,0.4703,0.7
SC22,1986-09,1996-07,1636,Uranus,3,Conjunction,26,27.11,95.92,0.923,-0.22
SC22,1986-09,1996-07,1636,Uranus,3,Opposition,20,27.46,72.84,0.1804,-1.49
SC22,1986-09,1996-07,1636,Neptune,3,Conjunction,32,27.33,117.07,0.4231,0.94
SC22,1986-09,1996-07,1636,Neptune,3,Opposition,23,27.31,84.22,0.4283,-0.92
SC22,1986-09,1996-07,1636,Mercury,4,Conjunction,39,36.7,106.26,0.7455,0.43
SC22,1986-09,1996-07,1636,Mercury,4,Opposition,34,36.08,94.24,0.8234,-0.4
SC22,1986-09,1996-07,1636,Venus,4,Conjunction,42,36.34,115.59,0.3731,1.02
SC22,1986-09,1996-07,1636,Venus,4,Opposition,39,36.47,106.93,0.779,0.46
SC22,1986-09,1996-07,1636,Mars,4,Conjunction,37,36.13,102.41,0.9402,0.12
SC22,1986-09,1996-07,1636,Mars,4,Opposition,40,36.56,109.41,0.6539,0.51
SC22,1986-09,1996-07,1636,Jupiter,4,Conjunction,35,36.37,96.23,0.9034,-0.26
SC22,1986-09,1996-07,1636,Jupiter,4,Opposition,38,36.38,104.45,0.8378,0.29
SC22,1986-09,1996-07,1636,Saturn,4,Conjunction,41,36.5,112.34,0.5083,0.67
SC22,1986-09,1996-07,1636,Saturn,4,Opposition,35,36.32,96.36,0.9034,-0.21
SC22,1986-09,1996-07,1636,Uranus,4,Conjunction,31,36.02,86.05,0.4311,-0.88
SC22,1986-09,1996-07,1636,Uranus,4,Opposition,28,36.44,76.84,0.1832,-1.48
SC22,1986-09,1996-07,1636,Neptune,4,Conjunction,46,36.54,125.9,0.1248,1.63
SC22,1986-09,1996-07,1636,Neptune,4,Opposition,33,36.37,90.74,0.6231,-0.62
SC22,1986-09,1996-07,1636,Mercury,5,Conjunction,47,45.83,102.55,0.925,0.2
SC22,1986-09,1996-07,1636,Mercury,5,Opposition,39,44.92,86.82,0.3663,-1.03
SC22,1986-09,1996-07,1636,Venus,5,Conjunction,56,45.62,122.75,0.1052,1.71
SC22,1986-09,1996-07,1636,Venus,5,Opposition,52,45.55,114.16,0.3487,1.1
SC22,1986-09,1996-07,1636,Mars,5,Conjunction,45,45.16,99.65,1.0,-0.02
SC22,1986-09,1996-07,1636,Mars,5,Opposition,49,45.69,107.25,0.7043,0.42
SC22,1986-09,1996-07,1636,Jupiter,5,Conjunction,40,45.42,88.06,0.4135,-0.92
SC22,1986-09,1996-07,1636,Jupiter,5,Opposition,43,45.53,94.44,0.7355,-0.42
SC22,1986-09,1996-07,1636,Saturn,5,Conjunction,54,45.52,118.64,0.3123,1.12
SC22,1986-09,1996-07,1636,Saturn,5,Opposition,44,45.47,96.76,0.9134,-0.2
SC22,1986-09,1996-07,1636,Uranus,5,Conjunction,41,45.15,90.82,0.6051,-0.65
SC22,1986-09,1996-07,1636,Uranus,5,Opposition,35,45.66,76.66,0.118,-1.66
SC22,1986-09,1996-07,1636,Neptune,5,Conjunction,52,45.51,114.25,0.3323,1.02
SC22,1986-09,1996-07,1636,Neptune,5,Opposition,36,45.46,79.19,0.114,-1.62
SC23,1996-08,2008-11,1436,Mercury,1,Conjunction,14,8.11,172.52,0.0732,2.04
SC23,1996-08,2008-11,1436,Mercury,1,Opposition,9,7.83,114.94,0.7459,0.42
SC23,1996-08,2008-11,1436,Venus,1,Conjunction,5,7.96,62.78,0.3967,-1.0
SC23,1996-08,2008-11,1436,Venus,1,Opposition,6,7.96,75.41,0.6435,-0.68
SC23,1996-08,2008-11,1436,Mars,1,Conjunction,9,7.9,113.9,0.7866,0.36
SC23,1996-08,2008-11,1436,Mars,1,Opposition,7,8.07,86.79,0.9242,-0.35
SC23,1996-08,2008-11,1436,Jupiter,1,Conjunction,4,8.0,49.98,0.1392,-1.56
SC23,1996-08,2008-11,1436,Jupiter,1,Opposition,8,8.0,99.99,1.0,-0.0
SC23,1996-08,2008-11,1436,Saturn,1,Conjunction,4,7.92,50.53,0.2308,-1.37
SC23,1996-08,2008-11,1436,Saturn,1,Opposition,5,7.97,62.72,0.4563,-1.0
SC23,1996-08,2008-11,1436,Uranus,1,Conjunction,6,7.91,75.83,0.6527,-0.67
SC23,1996-08,2008-11,1436,Uranus,1,Opposition,6,8.14,73.68,0.5875,-0.76
SC23,1996-08,2008-11,1436,Neptune,1,Conjunction,10,7.89,126.7,0.5315,0.77
SC23,1996-08,2008-11,1436,Neptune,1,Opposition,5,7.93,63.08,0.3455,-1.08
SC23,1996-08,2008-11,1436,Mercury,2,Conjunction,18,16.3,110.43,0.8086,0.43
SC23,1996-08,2008-11,1436,Mercury,2,Opposition,19,15.62,121.63,0.3975,0.89
SC23,1996-08,2008-11,1436,Venus,2,Conjunction,8,16.01,49.96,0.0416,-1.9
SC23,1996-08,2008-11,1436,Venus,2,Opposition,13,16.03,81.11,0.5807,-0.72
SC23,1996-08,2008-11,1436,Mars,2,Conjunction,16,15.86,100.86,0.9858,0.03
SC23,1996-08,2008-11,1436,Mars,2,Opposition,17,16.03,106.04,0.8506,0.22
SC23,1996-08,2008-11,1436,Jupiter,2,Conjunction,11,16.06,68.48,0.16,-1.48
SC23,1996-08,2008-11,1436,Jupiter,2,Opposition,16,15.92,100.5,1.0,0.02
SC23,1996-08,2008-11,1436,Saturn,2,Conjunction,17,16.06,105.85,0.9198,0.23
SC23,1996-08,2008-11,1436,Saturn,2,Opposition,17,15.81,107.5,0.8554,0.28
SC23,1996-08,2008-11,1436,Uranus,2,Conjunction,19,15.84,119.92,0.4811,0.77
SC23,1996-08,2008-11,1436,Uranus,2,Opposition,13,16.19,80.31,0.5511,-0.77
SC23,1996-08,2008-11,1436,Neptune,2,Conjunction,25,15.83,157.93,0.0284,2.39
SC23,1996-08,2008-11,1436,Neptune,2,Opposition,12,15.87,75.6,0.4023,-0.96
SC23,1996-08,2008-11,1436,Mercury,3,Conjunction,23,24.3,94.64,0.8082,-0.28
SC23,1996-08,2008-11,1436,Mercury,3,Opposition,24,23.51,102.08,0.9366,0.11
SC23,1996-08,2008-11,1436,Venus,3,Conjunction,19,23.95,79.35,0.4083,-0.96
SC23,1996-08,2008-11,1436,Venus,3,Opposition,20,23.85,83.86,0.5435,-0.75
SC23,1996-08,2008-11,1436,Mars,3,Conjunction,19,23.93,79.39,0.4439,-0.87
SC23,1996-08,2008-11,1436,Mars,3,Opposition,22,24.11,91.26,0.7986,-0.38
SC23,1996-08,2008-11,1436,Jupiter,3,Conjunction,20,23.98,83.4,0.3767,-0.96
SC23,1996-08,2008-11,1436,Jupiter,3,Opposition,29,23.91,121.3,0.3175,1.09
SC23,1996-08,2008-11,1436,Saturn,3,Conjunction,20,24.12,82.93,0.5411,-0.79
SC23,1996-08,2008-11,1436,Saturn,3,Opposition,25,23.75,105.27,0.8446,0.24
SC23,1996-08,2008-11,1436,Uranus,3,Conjunction,31,23.69,130.85,0.1876,1.46
SC23,1996-08,2008-11,1436,Uranus,3,Opposition,25,24.31,102.84,0.8974,0.14
SC23,1996-08,2008-11,1436,Neptune,3,Conjunction,29,23.72,122.27,0.3483,1.11
SC23,1996-08,2008-11,1436,Neptune,3,Opposition,23,23.81,96.6,0.9546,-0.17
SC23,1996-08,2008-11,1436,Mercury,4,Conjunction,29,32.54,89.12,0.5295,-0.69
SC23,1996-08,2008-11,1436,Mercury,4,Opposition,32,31.35,102.07,0.8902,0.13
SC23,1996-08,2008-11,1436,Venus,4,Conjunction,22,32.12,68.5,0.0792,-1.66
SC23,1996-08,2008-11,1436,Venus,4,Opposition,25,31.93,78.28,0.2699,-1.12
SC23,1996-08,2008-11,1436,Mars,4,Conjunction,28,31.72,88.27,0.6583,-0.54
SC23,1996-08,2008-11,1436,Mars,4,Opposition,36,31.96,112.63,0.5167,0.64
SC23,1996-08,2008-11,1436,Jupiter,4,Conjunction,30,31.98,93.81,0.8222,-0.41
SC23,1996-08,2008-11,1436,Jupiter,4,Opposition,41,31.8,128.92,0.1312,1.65
SC23,1996-08,2008-11,1436,Saturn,4,Conjunction,26,32.02,81.21,0.4075,-1.01
SC23,1996-08,2008-11,1436,Saturn,4,Opposition,30,31.64,94.81,0.8402,-0.27
SC23,1996-08,2008-11,1436,Uranus,4,Conjunction,38,31.69,119.91,0.2719,1.15
SC23,1996-08,2008-11,1436,Uranus,4,Opposition,35,32.31,108.32,0.6195,0.46
SC23,1996-08,2008-11,1436,Neptune,4,Conjunction,37,31.41,117.81,0.3551,1.05
SC23,1996-08,2008-11,1436,Neptune,4,Opposition,30,31.89,94.08,0.819,-0.35
SC23,1996-08,2008-11,1436,Mercury,5,Conjunction,41,40.82,100.45,1.0,0.03
SC23,1996-08,2008-11,1436,Mercury,5,Opposition,38,39.1,97.19,0.995,-0.19
SC23,1996-08,2008-11,1436,Venus,5,Conjunction,27,39.87,67.73,0.0228,-1.92
SC23,1996-08,2008-11,1436,Venus,5,Opposition,33,40.0,82.5,0.3663,-1.02
SC23,1996-08,2008-11,1436,Mars,5,Conjunction,35,39.69,88.19,0.6151,-0.59
SC23,1996-08,2008-11,1436,Mars,5,Opposition,42,40.07,104.81,0.7666,0.27
SC23,1996-08,2008-11,1436,Jupiter,5,Conjunction,37,39.95,92.61,0.6943,-0.55
SC23,1996-08,2008-11,1436,Jupiter,5,Opposition,53,39.98,132.57,0.0508,2.07
SC23,1996-08,2008-11,1436,Saturn,5,Conjunction,31,39.99,77.52,0.22,-1.37
SC23,1996-08,2008-11,1436,Saturn,5,Opposition,39,39.67,98.31,1.0,-0.1
SC23,1996-08,2008-11,1436,Uranus,5,Conjunction,50,39.66,126.06,0.1432,1.73
SC23,1996-08,2008-11,1436,Uranus,5,Opposition,40,40.45,98.9,1.0,-0.07
SC23,1996-08,2008-11,1436,Neptune,5,Conjunction,41,39.46,103.9,0.8654,0.26
SC23,1996-08,2008-11,1436,Neptune,5,Opposition,38,39.69,95.75,0.8614,-0.29
SC24,2008-12,2019-11,814,Mercury,1,Conjunction,9,4.53,198.47,0.0824,2.19
SC24,2008-12,2019-11,814,Mercury,1,Opposition,3,4.48,66.9,0.7087,-0.71
SC24,2008-12,2019-11,814,Venus,1,Conjunction,9,4.45,202.12,0.0676,2.24
SC24,2008-12,2019-11,814,Venus,1,Opposition,10,4.53,220.64,0.0328,2.55
SC24,2008-12,2019-11,814,Mars,1,Conjunction,5,4.52,110.63,0.9822,0.23
SC24,2008-12,2019-11,814,Mars,1,Opposition,2,4.51,44.38,0.3511,-1.2
SC24,2008-12,2019-11,814,Jupiter,1,Conjunction,7,4.52,155.0,0.3731,1.15
SC24,2008-12,2019-11,814,Jupiter,1,Opposition,4,4.51,88.61,1.0,-0.25
SC24,2008-12,2019-11,814,Saturn,1,Conjunction,6,4.45,134.76,0.5927,0.72
SC24,2008-12,2019-11,814,Saturn,1,Opposition,9,4.57,196.8,0.0816,2.12
SC24,2008-12,2019-11,814,Uranus,1,Conjunction,2,4.53,44.13,0.3803,-1.13
SC24,2008-12,2019-11,814,Uranus,1,Opposition,3,4.56,65.82,0.6635,-0.7
SC24,2008-12,2019-11,814,Neptune,1,Conjunction,6,4.5,133.46,0.5511,0.74
SC24,2008-12,2019-11,814,Neptune,1,Opposition,3,4.5,66.64,0.6339,-0.76
SC24,2008-12,2019-11,814,Mercury,2,Conjunction,9,9.11,98.76,1.0,-0.04
SC24,2008-12,2019-11,814,Mercury,2,Opposition,6,9.03,66.46,0.3859,-1.04
SC24,2008-12,2019-11,814,Venus,2,Conjunction,11,9.07,121.31,0.6235,0.66
SC24,2008-12,2019-11,814,Venus,2,Opposition,16,9.04,177.05,0.0464,2.39
SC24,2008-12,2019-11,814,Mars,2,Conjunction,6,9.06,66.24,0.4231,-1.0
SC24,2008-12,2019-11,814,Mars,2,Opposition,9,9.0,99.95,1.0,-0.0
SC24,2008-12,2019-11,814,Jupiter,2,Conjunction,13,8.99,144.66,0.244,1.31
SC24,2008-12,2019-11,814,Jupiter,2,Opposition,6,9.09,65.98,0.3931,-1.09
SC24,2008-12,2019-11,814,Saturn,2,Conjunction,10,9.1,109.83,0.8598,0.31
SC24,2008-12,2019-11,814,Saturn,2,Opposition,14,9.07,154.37,0.1684,1.63
SC24,2008-12,2019-11,814,Uranus,2,Conjunction,4,9.0,44.44,0.1584,-1.55
SC24,2008-12,2019-11,814,Uranus,2,Opposition,9,9.13,98.54,1.0,-0.04
SC24,2008-12,2019-11,814,Neptune,2,Conjunction,13,9.04,143.79,0.2376,1.39
SC24,2008-12,2019-11,814,Neptune,2,Opposition,6,9.08,66.07,0.3551,-1.1
SC24,2008-12,2019-11,814,Mercury,3,Conjunction,15,13.6,110.26,0.7822,0.41
SC24,2008-12,2019-11,814,Mercury,3,Opposition,9,13.57,66.34,0.2124,-1.35
SC24,2008-12,2019-11,814,Venus,3,Conjunction,17,13.58,125.22,0.4043,0.94
SC24,2008-12,2019-11,814,Venus,3,Opposition,22,13.52,162.66,0.0528,2.35
SC24,2008-12,2019-11,814,Mars,3,Conjunction,8,13.56,59.01,0.1652,-1.49
SC24,2008-12,2019-11,814,Mars,3,Opposition,16,13.6,117.63,0.5875,0.74
SC24,2008-12,2019-11,814,Jupiter,3,Conjunction,17,13.59,125.07,0.4451,0.93
SC24,2008-12,2019-11,814,Jupiter,3,Opposition,8,13.59,58.88,0.144,-1.6
SC24,2008-12,2019-11,814,Saturn,3,Conjunction,13,13.63,95.34,0.979,-0.19
SC24,2008-12,2019-11,814,Saturn,3,Opposition,20,13.63,146.73,0.104,1.83
SC24,2008-12,2019-11,814,Uranus,3,Conjunction,9,13.55,66.42,0.2751,-1.21
SC24,2008-12,2019-11,814,Uranus,3,Opposition,15,13.72,109.34,0.8262,0.33
SC24,2008-12,2019-11,814,Neptune,3,Conjunction,19,13.6,139.71,0.202,1.49
SC24,2008-12,2019-11,814,Neptune,3,Opposition,12,13.62,88.07,0.7638,-0.48
SC24,2008-12,2019-11,814,Mercury,4,Conjunction,20,18.12,110.4,0.6787,0.46
SC24,2008-12,2019-11,814,Mercury,4,Opposition,12,18.07,66.41,0.1212,-1.61
SC24,2008-12,2019-11,814,Venus,4,Conjunction,21,18.22,115.27,0.5619,0.66
SC24,2008-12,2019-11,814,Venus,4,Opposition,28,18.11,154.65,0.0624,2.35
SC24,2008-12,2019-11,814,Mars,4,Conjunction,12,17.93,66.93,0.1884,-1.41
SC24,2008-12,2019-11,814,Mars,4,Opposition,19,18.16,104.6,0.933,0.23
SC24,2008-12,2019-11,814,Jupiter,4,Conjunction,20,18.04,110.87,0.7259,0.48
SC24,2008-12,2019-11,814,Jupiter,4,Opposition,18,18.09,99.48,1.0,-0.02
SC24,2008-12,2019-11,814,Saturn,4,Conjunction,19,18.12,104.84,0.9774,0.24
SC24,2008-12,2019-11,814,Saturn,4,Opposition,22,18.05,121.86,0.3695,1.02
SC24,2008-12,2019-11,814,Uranus,4,Conjunction,11,18.01,61.09,0.1148,-1.64
SC24,2008-12,2019-11,814,Uranus,4,Opposition,18,18.22,98.8,1.0,-0.05
SC24,2008-12,2019-11,814,Neptune,4,Conjunction,21,17.97,116.89,0.4971,0.76
SC24,2008-12,2019-11,814,Neptune,4,Opposition,18,18.1,99.47,1.0,-0.03
SC24,2008-12,2019-11,814,Mercury,5,Conjunction,22,22.58,97.41,0.9958,-0.12
SC24,2008-12,2019-11,814,Mercury,5,Opposition,19,22.69,83.74,0.5047,-0.88
SC24,2008-12,2019-11,814,Venus,5,Conjunction,25,22.63,110.47,0.6943,0.51
SC24,2008-12,2019-11,814,Venus,5,Opposition,31,22.59,137.24,0.1244,1.8
SC24,2008-12,2019-11,814,Mars,5,Conjunction,16,22.53,71.0,0.1892,-1.39
SC24,2008-12,2019-11,814,Mars,5,Opposition,24,22.62,106.11,0.793,0.35
SC24,2008-12,2019-11,814,Jupiter,5,Conjunction,28,22.54,124.2,0.3067,1.21
SC24,2008-12,2019-11,814,Jupiter,5,Opposition,22,22.57,97.47,0.981,-0.13
SC24,2008-12,2019-11,814,Saturn,5,Conjunction,22,22.52,97.7,0.963,-0.13
SC24,2008-12,2019-11,814,Saturn,5,Opposition,29,22.62,128.19,0.1708,1.53
SC24,2008-12,2019-11,814,Uranus,5,Conjunction,16,22.5,71.12,0.16,-1.41
SC24,2008-12,2019-11,814,Uranus,5,Opposition,19,22.76,83.46,0.5591,-0.8
SC24,2008-12,2019-11,814,Neptune,5,Conjunction,29,22.62,128.18,0.1916,1.4
SC24,2008-12,2019-11,814,Neptune,5,Opposition,19,22.57,84.17,0.5415,-0.85
SC25,2019-12,2025-12,568,Mercury,1,Conjunction,0,3.14,0.0,0.114,-1.71
SC25,2019-12,2025-12,568,Mercury,1,Opposition,5,3.17,157.51,0.4047,1.04
SC25,2019-12,2025-12,568,Venus,1,Conjunction,2,3.15,63.48,0.7642,-0.67
SC25,2019-12,2025-12,568,Venus,1,Opposition,3,3.12,96.29,1.0,-0.07
SC25,2019-12,2025-12,568,Mars,1,Conjunction,7,3.18,220.21,0.0876,2.15
SC25,2019-12,2025-12,568,Mars,1,Opposition,0,3.12,0.0,0.0876,-1.68
SC25,2019-12,2025-12,568,Jupiter,1,Conjunction,4,3.16,126.7,0.7798,0.52
SC25,2019-12,2025-12,568,Jupiter,1,Opposition,6,3.11,193.0,0.1596,1.73
SC25,2019-12,2025-12,568,Saturn,1,Conjunction,2,3.15,63.44,0.7566,-0.68
SC25,2019-12,2025-12,568,Saturn,1,Opposition,3,3.13,95.73,1.0,-0.08
SC25,2019-12,2025-12,568,Uranus,1,Conjunction,4,3.13,127.64,0.7886,0.48
SC25,2019-12,2025-12,568,Uranus,1,Opposition,2,3.12,64.09,0.7586,-0.65
SC25,2019-12,2025-12,568,Neptune,1,Conjunction,3,3.09,97.08,1.0,-0.05
SC25,2019-12,2025-12,568,Neptune,1,Opposition,2,3.24,61.7,0.7359,-0.71
SC25,2019-12,2025-12,568,Mercury,2,Conjunction,2,6.23,32.13,0.1444,-1.67
SC25,2019-12,2025-12,568,Mercury,2,Opposition,11,6.38,172.52,0.1184,1.95
SC25,2019-12,2025-12,568,Venus,2,Conjunction,5,6.35,78.79,0.7854,-0.56
SC25,2019-12,2025-12,568,Venus,2,Opposition,7,6.32,110.74,0.8634,0.28
SC25,2019-12,2025-12,568,Mars,2,Conjunction,16,6.44,248.58,0.0016,3.56
SC25,2019-12,2025-12,568,Mars,2,Opposition,3,6.25,48.02,0.3199,-1.18
SC25,2019-12,2025-12,568,Jupiter,2,Conjunction,9,6.37,141.32,0.4087,1.07
SC25,2019-12,2025-12,568,Jupiter,2,Opposition,8,6.3,127.07,0.6087,0.7
SC25,2019-12,2025-12,568,Saturn,2,Conjunction,5,6.3,79.31,0.8018,-0.55
SC25,2019-12,2025-12,568,Saturn,2,Opposition,5,6.33,79.03,0.7371,-0.56
SC25,2019-12,2025-12,568,Uranus,2,Conjunction,6,6.32,94.9,1.0,-0.13
SC25,2019-12,2025-12,568,Uranus,2,Opposition,4,6.21,64.4,0.5299,-0.85
SC25,2019-12,2025-12,568,Neptune,2,Conjunction,5,6.21,80.49,0.7906,-0.49
SC25,2019-12,2025-12,568,Neptune,2,Opposition,3,6.46,46.41,0.2671,-1.34
SC25,2019-12,2025-12,568,Mercury,3,Conjunction,5,9.35,53.47,0.1628,-1.51
SC25,2019-12,2025-12,568,Mercury,3,Opposition,14,9.58,146.11,0.2184,1.53
SC25,2019-12,2025-12,568,Venus,3,Conjunction,8,9.52,84.07,0.7343,-0.52
SC25,2019-12,2025-12,568,Venus,3,Opposition,11,9.44,116.49,0.7019,0.53
SC25,2019-12,2025-12,568,Mars,3,Conjunction,19,9.57,198.49,0.0176,2.86
SC25,2019-12,2025-12,568,Mars,3,Opposition,5,9.36,53.43,0.2683,-1.26
SC25,2019-12,2025-12,568,Jupiter,3,Conjunction,10,9.52,104.99,0.9306,0.15
SC25,2019-12,2025-12,568,Jupiter,3,Opposition,12,9.44,127.18,0.5227,0.84
SC25,2019-12,2025-12,568,Saturn,3,Conjunction,9,9.42,95.59,1.0,-0.15
SC25,2019-12,2025-12,568,Saturn,3,Opposition,11,9.42,116.73,0.7035,0.55
SC25,2019-12,2025-12,568,Uranus,3,Conjunction,13,9.43,137.87,0.3239,1.18
SC25,2019-12,2025-12,568,Uranus,3,Opposition,8,9.41,84.99,0.7954,-0.45
SC25,2019-12,2025-12,568,Neptune,3,Conjunction,11,9.32,118.02,0.6199,0.55
SC25,2019-12,2025-12,568,Neptune,3,Opposition,7,9.79,71.47,0.4591,-0.85
SC25,2019-12,2025-12,568,Mercury,4,Conjunction,8,12.57,63.65,0.248,-1.37
SC25,2019-12,2025-12,568,Mercury,4,Opposition,17,12.67,134.13,0.2771,1.4
SC25,2019-12,2025-12,568,Venus,4,Conjunction,8,12.59,63.56,0.234,-1.3
SC25,2019-12,2025-12,568,Venus,4,Opposition,12,12.61,95.17,1.0,-0.18
SC25,2019-12,2025-12,568,Mars,4,Conjunction,22,12.76,172.4,0.0568,2.32
SC25,2019-12,2025-12,568,Mars,4,Opposition,6,12.59,47.67,0.11,-1.62
SC25,2019-12,2025-12,568,Jupiter,4,Conjunction,15,12.71,117.97,0.6007,0.63
SC25,2019-12,2025-12,568,Jupiter,4,Opposition,13,12.66,102.69,1.0,0.09
SC25,2019-12,2025-12,568,Saturn,4,Conjunction,10,12.58,79.5,0.5451,-0.77
SC25,2019-12,2025-12,568,Saturn,4,Opposition,14,12.58,111.31,0.8178,0.43
SC25,2019-12,2025-12,568,Uranus,4,Conjunction,19,12.62,150.57,0.1156,1.79
SC25,2019-12,2025-12,568,Uranus,4,Opposition,12,12.54,95.72,0.9778,-0.15
SC25,2019-12,2025-12,568,Neptune,4,Conjunction,13,12.34,105.36,0.9354,0.19
SC25,2019-12,2025-12,568,Neptune,4,Opposition,10,13.02,76.83,0.5291,-0.78
SC25,2019-12,2025-12,568,Mercury,5,Conjunction,12,15.63,76.76,0.4063,-0.95
SC25,2019-12,2025-12,568,Mercury,5,Opposition,22,15.73,139.84,0.0712,1.9
SC25,2019-12,2025-12,568,Venus,5,Conjunction,15,15.75,95.25,1.0,-0.19
SC25,2019-12,2025-12,568,Venus,5,Opposition,18,15.77,114.11,0.6851,0.57
SC25,2019-12,2025-12,568,Mars,5,Conjunction,27,16.08,167.92,0.034,2.39
SC25,2019-12,2025-12,568,Mars,5,Opposition,7,15.58,44.93,0.05,-1.88
SC25,2019-12,2025-12,568,Jupiter,5,Conjunction,20,15.95,125.37,0.4199,0.99
SC25,2019-12,2025-12,568,Jupiter,5,Opposition,16,15.75,101.58,1.0,0.06
SC25,2019-12,2025-12,568,Saturn,5,Conjunction,14,15.78,88.72,0.7554,-0.48
SC25,2019-12,2025-12,568,Saturn,5,Opposition,21,15.69,133.82,0.1636,1.45
SC25,2019-12,2025-12,568,Uranus,5,Conjunction,22,15.85,138.79,0.1376,1.55
SC25,2019-12,2025-12,568,Uranus,5,Opposition,14,15.64,89.53,0.7538,-0.4
SC25,2019-12,2025-12,568,Neptune,5,Conjunction,16,15.38,104.03,0.9634,0.15
SC25,2019-12,2025-12,568,Neptune,5,Opposition,12,16.24,73.91,0.4051,-0.98
