Stage,Group,Window,Type,N_Records,k_obs,k_exp,k_exp_kepler,Ratio,p_val,Z_score,Effect,Source_File,Domain,q_group_type,n_group_type,q_group_all,n_group_all,q_file,n_file
Flare_All,B-Class,1,Conjunction,7127,265,272.91,273.02,97.1,0.7189056218875622,-0.4,Suppression,sf_algo2_at_least_one.csv,sf,0.8927341453170936,30.0,0.8115764957428124,60.0,0.7871229436725135,300.0
Flare_All,B-Class,2,Conjunction,7127,526,536.95,537.03,97.96,0.7427851442971141,-0.37,Suppression,sf_algo2_at_least_one.csv,sf,0.8927341453170936,30.0,0.8115764957428124,60.0,0.8057167376508065,300.0
Flare_All,B-Class,3,Conjunction,7127,783,792.24,792.36,98.83,0.8404231915361693,-0.24,Suppression,sf_algo2_at_least_one.csv,sf,0.9338035461512992,30.0,0.8846559910907045,60.0,0.8815627883246531,300.0
Flare_All,B-Class,4,Conjunction,7127,1034,1038.92,1039.26,99.53,0.9391412171756564,-0.11,Suppression,sf_algo2_at_least_one.csv,sf,0.9666606667866644,30.0,0.9666606667866644,60.0,0.9569706910946525,300.0
Flare_All,B-Class,5,Conjunction,7127,1292,1277.71,1277.89,101.12,0.7980240395192096,0.27,Enhancement,sf_algo2_at_least_one.csv,sf,0.9207969686760111,30.0,0.8550257566277246,60.0,0.8429831403371932,300.0
Flare_All,B-Class,6,Conjunction,7127,1546,1508.63,1508.46,102.48,0.5487090258194837,0.62,Enhancement,sf_algo2_at_least_one.csv,sf,0.8185550574702792,30.0,0.6584508309833804,60.0,0.6610952118307032,300.0
Flare_All,B-Class,7,Conjunction,7127,1776,1731.91,1731.24,102.55,0.5237895242095159,0.66,Enhancement,sf_algo2_at_least_one.csv,sf,0.8185550574702792,30.0,0.6413749276034888,60.0,0.6385621275428742,300.0
Flare_All,B-Class,8,Conjunction,7127,1980,1947.62,1946.44,101.66,0.6747065058698826,0.44,Enhancement,sf_algo2_at_least_one.csv,sf,0.8927341453170936,30.0,0.7785075067729413,60.0,0.7524607872154824,300.0
Flare_All,B-Class,9,Conjunction,7127,2163,2156.0,2154.23,100.32,0.9592208155836884,0.09,Enhancement,sf_algo2_at_least_one.csv,sf,0.9666606667866644,30.0,0.9666606667866644,60.0,0.9656585391782098,300.0
Flare_All,B-Class,10,Conjunction,7127,2357,2356.99,2354.87,100.0,0.9666606667866644,0.0,Enhancement,sf_algo2_at_least_one.csv,sf,0.9666606667866644,30.0,0.9666606667866644,60.0,0.969893645605349,300.0
Flare_All,B-Class,11,Conjunction,7127,2526,2551.18,2548.57,99.01,0.743945121097578,-0.26,Suppression,sf_algo2_at_least_one.csv,sf,0.8927341453170936,30.0,0.8115764957428124,60.0,0.8057167376508065,300.0
Flare_All,B-Class,12,Conjunction,7127,2672,2738.97,2735.49,97.55,0.4719905601887962,-0.66,Suppression,sf_algo2_at_least_one.csv,sf,0.8185550574702792,30.0,0.6208875822483549,60.0,0.601971011427229,300.0
Flare_All,B-Class,13,Conjunction,7127,2867,2919.97,2915.85,98.19,0.5729885402291954,-0.49,Suppression,sf_algo2_at_least_one.csv,sf,0.8185550574702792,30.0,0.6741041649755241,60.0,0.682129214558566,300.0
Flare_All,B-Class,14,Conjunction,7127,3023,3094.38,3089.83,97.69,0.4868702625947481,-0.61,Suppression,sf_algo2_at_least_one.csv,sf,0.8185550574702792,30.0,0.6208875822483549,60.0,0.6104506009053372,300.0
Flare_All,B-Class,15,Conjunction,7127,3189,3263.0,3257.62,97.73,0.4902301953960921,-0.6,Suppression,sf_algo2_at_least_one.csv,sf,0.8185550574702792,30.0,0.6208875822483549,60.0,0.6104506009053372,300.0
Flare_All,B-Class,16,Conjunction,7127,3350,3425.73,3419.41,97.79,0.496710065798684,-0.58,Suppression,sf_algo2_at_least_one.csv,sf,0.8185550574702792,30.0,0.6208875822483549,60.0,0.6132223034551654,300.0
Flare_All,B-Class,17,Conjunction,7127,3492,3582.37,3575.4,97.48,0.4431511369772604,-0.66,Suppression,sf_algo2_at_least_one.csv,sf,0.8185550574702792,30.0,0.6183504236892006,60.0,0.5730402633326643,300.0
Flare_All,B-Class,18,Conjunction,7127,3632,3733.12,3725.76,97.29,0.4123917521649567,-0.71,Suppression,sf_algo2_at_least_one.csv,sf,0.8185550574702792,30.0,0.6183504236892006,60.0,0.5598078083687196,300.0
Flare_All,B-Class,19,Conjunction,7127,3759,3878.61,3870.66,96.92,0.3631127377452451,-0.8,Suppression,sf_algo2_at_least_one.csv,sf,0.8185550574702792,30.0,0.6183504236892006,60.0,0.5237202948248727,300.0
Flare_All,B-Class,20,Conjunction,7127,3886,4018.79,4010.27,96.7,0.3397932041359173,-0.86,Suppression,sf_algo2_at_least_one.csv,sf,0.8185550574702792,30.0,0.6183504236892006,60.0,0.5021574445358384,300.0
Flare_All,B-Class,21,Conjunction,7127,4035,4153.55,4144.74,97.15,0.3903921921561569,-0.74,Suppression,sf_algo2_at_least_one.csv,sf,0.8185550574702792,30.0,0.6183504236892006,60.0,0.5478588102656552,300.0
Flare_All,B-Class,22,Conjunction,7127,4173,4283.38,4274.2,97.42,0.4209515809683806,-0.67,Suppression,sf_algo2_at_least_one.csv,sf,0.8185550574702792,30.0,0.6183504236892006,60.0,0.5632984685439034,300.0
Flare_All,B-Class,23,Conjunction,7127,4301,4408.52,4398.85,97.56,0.4382712345753085,-0.63,Suppression,sf_algo2_at_least_one.csv,sf,0.8185550574702792,30.0,0.6183504236892006,60.0,0.5691834215263747,300.0
Flare_All,B-Class,24,Conjunction,7127,4413,4528.9,4518.82,97.44,0.4193916121677566,-0.66,Suppression,sf_algo2_at_least_one.csv,sf,0.8185550574702792,30.0,0.6183504236892006,60.0,0.5632984685439034,300.0
Flare_All,B-Class,25,Conjunction,7127,4519,4644.48,4634.25,97.3,0.4027119457610847,-0.7,Suppression,sf_algo2_at_least_one.csv,sf,0.8185550574702792,30.0,0.6183504236892006,60.0,0.5567011947432283,300.0
Flare_All,B-Class,26,Conjunction,7127,4622,4755.75,4745.26,97.19,0.3907921841563169,-0.73,Suppression,sf_algo2_at_least_one.csv,sf,0.8185550574702792,30.0,0.6183504236892006,60.0,0.5478588102656552,300.0
Flare_All,B-Class,27,Conjunction,7127,4734,4862.89,4852.02,97.35,0.4053118937621247,-0.69,Suppression,sf_algo2_at_least_one.csv,sf,0.8185550574702792,30.0,0.6183504236892006,60.0,0.5567011947432283,300.0
Flare_All,B-Class,28,Conjunction,7127,4829,4966.15,4954.67,97.24,0.3912721745565088,-0.72,Suppression,sf_algo2_at_least_one.csv,sf,0.8185550574702792,30.0,0.6183504236892006,60.0,0.5478588102656552,300.0
Flare_All,B-Class,29,Conjunction,7127,4945,5065.41,5053.35,97.62,0.4348713025739485,-0.62,Suppression,sf_algo2_at_least_one.csv,sf,0.8185550574702792,30.0,0.6183504236892006,60.0,0.5682147226620684,300.0
Flare_All,B-Class,30,Conjunction,7127,5035,5160.72,5148.18,97.56,0.4230715385692286,-0.64,Suppression,sf_algo2_at_least_one.csv,sf,0.8185550574702792,30.0,0.6183504236892006,60.0,0.5632984685439034,300.0
Flare_All,B-Class,1,Opposition,7127,244,272.15,272.31,89.66,0.1472770544589108,-1.43,Suppression,sf_algo2_at_least_one.csv,sf,0.31731539282257826,30.0,0.6183504236892006,60.0,0.38176159553732003,300.0
Flare_All,B-Class,2,Opposition,7127,503,535.51,535.72,93.93,0.2753944921101578,-1.1,Suppression,sf_algo2_at_least_one.csv,sf,0.3442431151376973,30.0,0.6183504236892006,60.0,0.4418093456312692,300.0
Flare_All,B-Class,3,Opposition,7127,745,790.31,790.42,94.27,0.2343553128937421,-1.19,Suppression,sf_algo2_at_least_one.csv,sf,0.31731539282257826,30.0,0.6183504236892006,60.0,0.40875926667513157,300.0
Flare_All,B-Class,4,Opposition,7127,973,1036.88,1036.69,93.84,0.1641167176656467,-1.4,Suppression,sf_algo2_at_least_one.csv,sf,0.31731539282257826,30.0,0.6183504236892006,60.0,0.38176159553732003,300.0
Flare_All,B-Class,5,Opposition,7127,1206,1275.47,1274.75,94.55,0.1959560808783824,-1.31,Suppression,sf_algo2_at_least_one.csv,sf,0.31731539282257826,30.0,0.6183504236892006,60.0,0.38176159553732003,300.0
Flare_All,B-Class,6,Opposition,7127,1446,1506.2,1504.86,96.0,0.3244735105297894,-1.0,Suppression,sf_algo2_at_least_one.csv,sf,0.3738782367209798,30.0,0.6183504236892006,60.0,0.4941220972534864,300.0
Flare_All,B-Class,7,Opposition,7127,1665,1729.14,1727.23,96.29,0.3489530209395812,-0.95,Suppression,sf_algo2_at_least_one.csv,sf,0.3738782367209798,30.0,0.6183504236892006,60.0,0.50818401107706,300.0
Flare_All,B-Class,8,Opposition,7127,1841,1944.67,1942.04,94.67,0.1653166936661266,-1.39,Suppression,sf_algo2_at_least_one.csv,sf,0.31731539282257826,30.0,0.6183504236892006,60.0,0.38176159553732003,300.0
Flare_All,B-Class,9,Opposition,7127,2079,2152.84,2149.53,96.57,0.3669526609467811,-0.9,Suppression,sf_algo2_at_least_one.csv,sf,0.3796062009794287,30.0,0.6183504236892006,60.0,0.5267263075791117,300.0
Flare_All,B-Class,10,Opposition,7127,2292,2354.08,2349.93,97.36,0.4889102217955641,-0.7,Suppression,sf_algo2_at_least_one.csv,sf,0.4889102217955641,30.0,0.6208875822483549,60.0,0.6104506009053372,300.0
Flare_All,B-Class,11,Opposition,7127,2456,2548.59,2543.41,96.37,0.3374332513349733,-0.97,Suppression,sf_algo2_at_least_one.csv,sf,0.3738782367209798,30.0,0.6183504236892006,60.0,0.5021574445358384,300.0
Flare_All,B-Class,12,Opposition,7127,2626,2736.09,2730.16,95.98,0.2928341433171336,-1.07,Suppression,sf_algo2_at_least_one.csv,sf,0.3514009719805603,30.0,0.6183504236892006,60.0,0.46236969997442146,300.0
Flare_All,B-Class,13,Opposition,7127,2785,2917.0,2910.4,95.47,0.24327513449731,-1.2,Suppression,sf_algo2_at_least_one.csv,sf,0.31731539282257826,30.0,0.6183504236892006,60.0,0.41467352471132385,300.0
Flare_All,B-Class,14,Opposition,7127,2942,3091.56,3084.3,95.16,0.2214755704885902,-1.27,Suppression,sf_algo2_at_least_one.csv,sf,0.31731539282257826,30.0,0.6183504236892006,60.0,0.4019560327356327,300.0
Flare_All,B-Class,15,Opposition,7127,3093,3260.13,3252.04,94.87,0.2078758424831503,-1.33,Suppression,sf_algo2_at_least_one.csv,sf,0.31731539282257826,30.0,0.6183504236892006,60.0,0.387967700768684,300.0
Flare_All,B-Class,16,Opposition,7127,3250,3422.78,3413.81,94.95,0.2230355392892142,-1.3,Suppression,sf_algo2_at_least_one.csv,sf,0.31731539282257826,30.0,0.6183504236892006,60.0,0.4019560327356327,300.0
Flare_All,B-Class,17,Opposition,7127,3381,3579.5,3569.79,94.45,0.1931561368772624,-1.42,Suppression,sf_algo2_at_least_one.csv,sf,0.31731539282257826,30.0,0.6183504236892006,60.0,0.38176159553732003,300.0
Flare_All,B-Class,18,Opposition,7127,3512,3730.58,3720.13,94.14,0.1803563928721425,-1.49,Suppression,sf_algo2_at_least_one.csv,sf,0.31731539282257826,30.0,0.6183504236892006,60.0,0.38176159553732003,300.0
Flare_All,B-Class,19,Opposition,7127,3647,3876.11,3865.02,94.09,0.1826763464730705,-1.5,Suppression,sf_algo2_at_least_one.csv,sf,0.31731539282257826,30.0,0.6183504236892006,60.0,0.38176159553732003,300.0
Flare_All,B-Class,20,Opposition,7127,3774,4016.32,4004.6,93.97,0.1799964000719985,-1.53,Suppression,sf_algo2_at_least_one.csv,sf,0.31731539282257826,30.0,0.6183504236892006,60.0,0.38176159553732003,300.0
Flare_All,B-Class,21,Opposition,7127,3899,4151.43,4139.03,93.92,0.1820763584728305,-1.54,Suppression,sf_algo2_at_least_one.csv,sf,0.31731539282257826,30.0,0.6183504236892006,60.0,0.38176159553732003,300.0
Flare_All,B-Class,22,Opposition,7127,4014,4281.66,4268.49,93.75,0.1752364952700946,-1.58,Suppression,sf_algo2_at_least_one.csv,sf,0.31731539282257826,30.0,0.6183504236892006,60.0,0.38176159553732003,300.0
Flare_All,B-Class,23,Opposition,7127,4123,4407.24,4393.12,93.55,0.1667566648667026,-1.62,Suppression,sf_algo2_at_least_one.csv,sf,0.31731539282257826,30.0,0.6183504236892006,60.0,0.38176159553732003,300.0
Flare_All,B-Class,24,Opposition,7127,4254,4528.06,4513.09,93.95,0.1958360832783344,-1.52,Suppression,sf_algo2_at_least_one.csv,sf,0.31731539282257826,30.0,0.6183504236892006,60.0,0.38176159553732003,300.0
Flare_All,B-Class,25,Opposition,7127,4362,4644.11,4628.55,93.93,0.1954360912781744,-1.52,Suppression,sf_algo2_at_least_one.csv,sf,0.31731539282257826,30.0,0.6183504236892006,60.0,0.38176159553732003,300.0
Flare_All,B-Class,26,Opposition,7127,4463,4755.81,4739.63,93.84,0.1922361552768944,-1.54,Suppression,sf_algo2_at_least_one.csv,sf,0.31731539282257826,30.0,0.6183504236892006,60.0,0.38176159553732003,300.0
Flare_All,B-Class,27,Opposition,7127,4558,4863.32,4846.48,93.72,0.1831563368732625,-1.57,Suppression,sf_algo2_at_least_one.csv,sf,0.31731539282257826,30.0,0.6183504236892006,60.0,0.38176159553732003,300.0
Flare_All,B-Class,28,Opposition,7127,4668,4967.09,4949.23,93.98,0.2034359312813743,-1.51,Suppression,sf_algo2_at_least_one.csv,sf,0.31731539282257826,30.0,0.6183504236892006,60.0,0.38627075559754614,300.0
Flare_All,B-Class,29,Opposition,7127,4770,5066.72,5048.02,94.14,0.2165556688866222,-1.47,Suppression,sf_algo2_at_least_one.csv,sf,0.31731539282257826,30.0,0.6183504236892006,60.0,0.39613841869504063,300.0
Flare_All,B-Class,30,Opposition,7127,4840,5162.26,5142.97,93.76,0.1902761944761104,-1.58,Suppression,sf_algo2_at_least_one.csv,sf,0.31731539282257826,30.0,0.6183504236892006,60.0,0.38176159553732003,300.0
Flare_All,C-Class,1,Conjunction,26654,1080,1019.84,1020.08,105.9,0.1085978280434391,1.61,Enhancement,sf_algo2_at_least_one.csv,sf,0.28911421771564555,30.0,0.3133755506708047,60.0,0.38176159553732003,300.0
Flare_All,C-Class,2,Conjunction,26654,2163,2006.52,2006.61,107.8,0.0071998560028799,2.66,Enhancement,sf_algo2_at_least_one.csv,sf,0.215995680086397,30.0,0.3133755506708047,60.0,0.3119937601247967,300.0
Flare_All,C-Class,3,Conjunction,26654,3090,2960.77,2960.59,104.36,0.1006379872402551,1.64,Enhancement,sf_algo2_at_least_one.csv,sf,0.28911421771564555,30.0,0.3133755506708047,60.0,0.38176159553732003,300.0
Flare_All,C-Class,4,Conjunction,26654,3994,3883.45,3882.87,102.85,0.2670346593068138,1.13,Enhancement,sf_algo2_at_least_one.csv,sf,0.3641381717820188,30.0,0.3653381477824988,60.0,0.4376344905534321,300.0
Flare_All,C-Class,5,Conjunction,26654,4918,4775.81,4774.35,102.98,0.2304753904921901,1.21,Enhancement,sf_algo2_at_least_one.csv,sf,0.3457130857382852,30.0,0.3400322237457689,60.0,0.40764096998761773,300.0
Flare_All,C-Class,6,Conjunction,26654,5773,5639.11,5635.96,102.37,0.3311933761324773,0.98,Enhancement,sf_algo2_at_least_one.csv,sf,0.41735165296694066,30.0,0.4304594759168646,60.0,0.49928649668212655,300.0
Flare_All,C-Class,7,Conjunction,26654,6620,6473.31,6468.48,102.27,0.3477930441391172,0.95,Enhancement,sf_algo2_at_least_one.csv,sf,0.41735165296694066,30.0,0.4347413051738965,60.0,0.50818401107706,300.0
Flare_All,C-Class,8,Conjunction,26654,7379,7279.44,7272.72,101.37,0.5754284914301714,0.57,Enhancement,sf_algo2_at_least_one.csv,sf,0.6393649904779681,30.0,0.6514284808643449,60.0,0.6823262744231282,300.0
Flare_All,C-Class,9,Conjunction,26654,8096,8057.49,8049.43,100.48,0.8659426811463771,0.2,Enhancement,sf_algo2_at_least_one.csv,sf,0.8958027735997004,30.0,0.8806196757420783,60.0,0.9020236261941429,300.0
Flare_All,C-Class,10,Conjunction,26654,8835,8809.37,8799.41,100.29,0.9410211795764084,0.12,Enhancement,sf_algo2_at_least_one.csv,sf,0.9410211795764084,30.0,0.9410211795764084,60.0,0.9569706910946525,300.0
Flare_All,C-Class,11,Conjunction,26654,9476,9535.57,9523.46,99.38,0.7505449891002179,-0.25,Suppression,sf_algo2_at_least_one.csv,sf,0.8041553454645192,30.0,0.7900473569475978,60.0,0.8070376226884064,300.0
Flare_All,C-Class,12,Conjunction,26654,10045,10236.36,10222.34,98.13,0.4241115177696446,-0.73,Suppression,sf_algo2_at_least_one.csv,sf,0.48935944358035915,30.0,0.5089338213235736,60.0,0.5632984685439034,300.0
Flare_All,C-Class,13,Conjunction,26654,10655,10913.41,10896.77,97.63,0.3371932561348773,-0.91,Suppression,sf_algo2_at_least_one.csv,sf,0.41735165296694066,30.0,0.4304594759168646,60.0,0.5021574445358384,300.0
Flare_All,C-Class,14,Conjunction,26654,11216,11565.98,11547.42,96.97,0.2618747625047499,-1.14,Suppression,sf_algo2_at_least_one.csv,sf,0.3641381717820188,30.0,0.3653381477824988,60.0,0.4340465676874308,300.0
Flare_All,C-Class,15,Conjunction,26654,11747,12195.58,12174.99,96.32,0.2107957840843183,-1.36,Suppression,sf_algo2_at_least_one.csv,sf,0.33283544855418673,30.0,0.32430120628356657,60.0,0.387967700768684,300.0
Flare_All,C-Class,16,Conjunction,26654,12319,12803.3,12780.21,96.22,0.2103157936841263,-1.38,Suppression,sf_algo2_at_least_one.csv,sf,0.33283544855418673,30.0,0.32430120628356657,60.0,0.387967700768684,300.0
Flare_All,C-Class,17,Conjunction,26654,12826,13388.73,13363.71,95.8,0.1865162696746065,-1.51,Suppression,sf_algo2_at_least_one.csv,sf,0.3291463582493056,30.0,0.31846029746071736,60.0,0.38176159553732003,300.0
Flare_All,C-Class,18,Conjunction,26654,13314,13953.25,13926.18,95.42,0.1699966000679986,-1.62,Suppression,sf_algo2_at_least_one.csv,sf,0.3187436251274974,30.0,0.3133755506708047,60.0,0.38176159553732003,300.0
Flare_All,C-Class,19,Conjunction,26654,13747,14497.79,14468.22,94.82,0.1412771744565108,-1.8,Suppression,sf_algo2_at_least_one.csv,sf,0.28911421771564555,30.0,0.3133755506708047,60.0,0.38176159553732003,300.0
Flare_All,C-Class,20,Conjunction,26654,14234,15022.09,14990.43,94.75,0.1445571088578228,-1.8,Suppression,sf_algo2_at_least_one.csv,sf,0.28911421771564555,30.0,0.3133755506708047,60.0,0.38176159553732003,300.0
Flare_All,C-Class,21,Conjunction,26654,14653,15527.26,15493.4,94.37,0.1286374272514549,-1.9,Suppression,sf_algo2_at_least_one.csv,sf,0.28911421771564555,30.0,0.3133755506708047,60.0,0.38176159553732003,300.0
Flare_All,C-Class,22,Conjunction,26654,15064,16014.08,15977.73,94.07,0.116437671246575,-1.98,Suppression,sf_algo2_at_least_one.csv,sf,0.28911421771564555,30.0,0.3133755506708047,60.0,0.38176159553732003,300.0
Flare_All,C-Class,23,Conjunction,26654,15476,16483.08,16443.98,93.89,0.1107577848443031,-2.02,Suppression,sf_algo2_at_least_one.csv,sf,0.28911421771564555,30.0,0.3133755506708047,60.0,0.38176159553732003,300.0
Flare_All,C-Class,24,Conjunction,26654,15885,16934.14,16892.72,93.8,0.1107177856442871,-2.03,Suppression,sf_algo2_at_least_one.csv,sf,0.28911421771564555,30.0,0.3133755506708047,60.0,0.38176159553732003,300.0
Flare_All,C-Class,25,Conjunction,26654,16288,17367.99,17324.52,93.78,0.1120377592448151,-2.02,Suppression,sf_algo2_at_least_one.csv,sf,0.28911421771564555,30.0,0.3133755506708047,60.0,0.38176159553732003,300.0
Flare_All,C-Class,26,Conjunction,26654,16671,17785.73,17739.93,93.73,0.1121177576448471,-2.02,Suppression,sf_algo2_at_least_one.csv,sf,0.28911421771564555,30.0,0.3133755506708047,60.0,0.38176159553732003,300.0
Flare_All,C-Class,27,Conjunction,26654,17023,18187.9,18139.46,93.6,0.1063178736425271,-2.05,Suppression,sf_algo2_at_least_one.csv,sf,0.28911421771564555,30.0,0.3133755506708047,60.0,0.38176159553732003,300.0
Flare_All,C-Class,28,Conjunction,26654,17362,18574.87,18523.58,93.47,0.0990780184396312,-2.08,Suppression,sf_algo2_at_least_one.csv,sf,0.28911421771564555,30.0,0.3133755506708047,60.0,0.38176159553732003,300.0
Flare_All,C-Class,29,Conjunction,26654,17702,18946.58,18892.8,93.43,0.0975580488390232,-2.09,Suppression,sf_algo2_at_least_one.csv,sf,0.28911421771564555,30.0,0.3133755506708047,60.0,0.38176159553732003,300.0
Flare_All,C-Class,30,Conjunction,26654,18005,19303.11,19247.64,93.28,0.0894382112357752,-2.13,Suppression,sf_algo2_at_least_one.csv,sf,0.28911421771564555,30.0,0.3133755506708047,60.0,0.38176159553732003,300.0
Flare_All,C-Class,1,Opposition,26654,1047,1020.52,1019.99,102.59,0.4910301793964121,0.72,Enhancement,sf_algo2_at_least_one.csv,sf,0.5681886362272753,30.0,0.5681886362272753,60.0,0.6104506009053372,300.0
Flare_All,C-Class,2,Opposition,26654,1997,2007.48,2006.47,99.48,0.8551428971420572,-0.18,Suppression,sf_algo2_at_least_one.csv,sf,0.8551428971420572,30.0,0.8806196757420783,60.0,0.8938775928314185,300.0
Flare_All,C-Class,3,Opposition,26654,2926,2961.8,2960.3,98.79,0.6413471730565389,-0.46,Suppression,sf_algo2_at_least_one.csv,sf,0.7122892024918123,30.0,0.712607970062821,60.0,0.731574722117725,300.0
Flare_All,C-Class,4,Opposition,26654,3845,3884.49,3882.51,98.98,0.6686266274674506,-0.4,Suppression,sf_algo2_at_least_one.csv,sf,0.7122892024918123,30.0,0.729410866328128,60.0,0.7512658735589333,300.0
Flare_All,C-Class,5,Opposition,26654,4737,4777.36,4773.91,99.16,0.6885462290754185,-0.34,Suppression,sf_algo2_at_least_one.csv,sf,0.7122892024918123,30.0,0.7377281025808056,60.0,0.7622053441284117,300.0
Flare_All,C-Class,6,Opposition,26654,5554,5640.99,5635.37,98.46,0.492430151396972,-0.62,Suppression,sf_algo2_at_least_one.csv,sf,0.5681886362272753,30.0,0.5681886362272753,60.0,0.6104506009053372,300.0
Flare_All,C-Class,7,Opposition,26654,6345,6475.56,6467.7,97.98,0.3827923441531169,-0.79,Suppression,sf_algo2_at_least_one.csv,sf,0.47849043019139614,30.0,0.4687253193711636,60.0,0.5442545177532468,300.0
Flare_All,C-Class,8,Opposition,26654,7105,7282.18,7271.8,97.57,0.3185936281274374,-0.94,Suppression,sf_algo2_at_least_one.csv,sf,0.41555690625317926,30.0,0.42479150416991657,60.0,0.48764330835832254,300.0
Flare_All,C-Class,9,Opposition,26654,7808,8061.61,8048.43,96.85,0.2323553528929421,-1.18,Suppression,sf_algo2_at_least_one.csv,sf,0.3319362184184887,30.0,0.3400322237457689,60.0,0.40764096998761773,300.0
Flare_All,C-Class,10,Opposition,26654,8560,8814.5,8798.38,97.11,0.2679146417071658,-1.06,Suppression,sf_algo2_at_least_one.csv,sf,0.3653381477824988,30.0,0.3653381477824988,60.0,0.4376344905534321,300.0
Flare_All,C-Class,11,Opposition,26654,9204,9541.63,9522.38,96.46,0.2103157936841263,-1.27,Suppression,sf_algo2_at_least_one.csv,sf,0.31547369052618945,30.0,0.32430120628356657,60.0,0.387967700768684,300.0
Flare_All,C-Class,12,Opposition,26654,9841,10243.65,10221.12,96.07,0.1910761784764304,-1.38,Suppression,sf_algo2_at_least_one.csv,sf,0.30169922917331116,30.0,0.31846029746071736,60.0,0.38176159553732003,300.0
Flare_All,C-Class,13,Opposition,26654,10456,10920.96,10895.38,95.74,0.1782364352712945,-1.46,Suppression,sf_algo2_at_least_one.csv,sf,0.2970607254521575,30.0,0.31453488577287264,60.0,0.38176159553732003,300.0
Flare_All,C-Class,14,Opposition,26654,11043,11574.58,11545.93,95.41,0.1678766424671506,-1.54,Suppression,sf_algo2_at_least_one.csv,sf,0.2970607254521575,30.0,0.3133755506708047,60.0,0.38176159553732003,300.0
Flare_All,C-Class,15,Opposition,26654,11635,12205.41,12173.45,95.33,0.1723565528689426,-1.54,Suppression,sf_algo2_at_least_one.csv,sf,0.2970607254521575,30.0,0.3133755506708047,60.0,0.38176159553732003,300.0
Flare_All,C-Class,16,Opposition,26654,12197,12813.9,12778.61,95.19,0.1706365872682546,-1.56,Suppression,sf_algo2_at_least_one.csv,sf,0.2970607254521575,30.0,0.3133755506708047,60.0,0.38176159553732003,300.0
Flare_All,C-Class,17,Opposition,26654,12740,13400.35,13362.08,95.07,0.1718365632687346,-1.57,Suppression,sf_algo2_at_least_one.csv,sf,0.2970607254521575,30.0,0.3133755506708047,60.0,0.38176159553732003,300.0
Flare_All,C-Class,18,Opposition,26654,13227,13965.97,13924.45,94.71,0.1601567968640627,-1.66,Suppression,sf_algo2_at_least_one.csv,sf,0.2970607254521575,30.0,0.3133755506708047,60.0,0.38176159553732003,300.0
Flare_All,C-Class,19,Opposition,26654,13708,14510.71,14466.39,94.47,0.1536369272614547,-1.71,Suppression,sf_algo2_at_least_one.csv,sf,0.2970607254521575,30.0,0.3133755506708047,60.0,0.38176159553732003,300.0
Flare_All,C-Class,20,Opposition,26654,14183,15034.79,14988.52,94.33,0.1512769744605107,-1.73,Suppression,sf_algo2_at_least_one.csv,sf,0.2970607254521575,30.0,0.3133755506708047,60.0,0.38176159553732003,300.0
Flare_All,C-Class,21,Opposition,26654,14624,15539.46,15491.47,94.11,0.1458770824583508,-1.79,Suppression,sf_algo2_at_least_one.csv,sf,0.2970607254521575,30.0,0.3133755506708047,60.0,0.38176159553732003,300.0
Flare_All,C-Class,22,Opposition,26654,15075,16025.78,15975.79,94.07,0.1481570368592628,-1.78,Suppression,sf_algo2_at_least_one.csv,sf,0.2970607254521575,30.0,0.3133755506708047,60.0,0.38176159553732003,300.0
Flare_All,C-Class,23,Opposition,26654,15503,16494.1,16442.04,93.99,0.1470770584588308,-1.79,Suppression,sf_algo2_at_least_one.csv,sf,0.2970607254521575,30.0,0.3133755506708047,60.0,0.38176159553732003,300.0
Flare_All,C-Class,24,Opposition,26654,15942,16944.68,16890.78,94.08,0.1543969120617587,-1.76,Suppression,sf_algo2_at_least_one.csv,sf,0.2970607254521575,30.0,0.3133755506708047,60.0,0.38176159553732003,300.0
Flare_All,C-Class,25,Opposition,26654,16332,17377.84,17322.59,93.98,0.1516369672606548,-1.78,Suppression,sf_algo2_at_least_one.csv,sf,0.2970607254521575,30.0,0.3133755506708047,60.0,0.38176159553732003,300.0
Flare_All,C-Class,26,Opposition,26654,16741,17794.78,17737.98,94.08,0.1590768184636307,-1.75,Suppression,sf_algo2_at_least_one.csv,sf,0.2970607254521575,30.0,0.3133755506708047,60.0,0.38176159553732003,300.0
Flare_All,C-Class,27,Opposition,26654,17095,18196.41,18137.49,93.95,0.1552368952620947,-1.78,Suppression,sf_algo2_at_least_one.csv,sf,0.2970607254521575,30.0,0.3133755506708047,60.0,0.38176159553732003,300.0
Flare_All,C-Class,28,Opposition,26654,17445,18582.77,18521.61,93.88,0.1539169216615667,-1.8,Suppression,sf_algo2_at_least_one.csv,sf,0.2970607254521575,30.0,0.3133755506708047,60.0,0.38176159553732003,300.0
Flare_All,C-Class,29,Opposition,26654,17815,18953.33,18890.85,93.99,0.1619167616647667,-1.77,Suppression,sf_algo2_at_least_one.csv,sf,0.2970607254521575,30.0,0.3133755506708047,60.0,0.38176159553732003,300.0
Flare_All,C-Class,30,Opposition,26654,18170,19308.99,19245.65,94.1,0.1675966480670386,-1.74,Suppression,sf_algo2_at_least_one.csv,sf,0.2970607254521575,30.0,0.3133755506708047,60.0,0.38176159553732003,300.0
Flare_All,M-Class,1,Conjunction,4824,194,184.71,184.64,105.03,0.5236295274094518,0.67,Enhancement,sf_algo2_at_least_one.csv,sf,0.6431391372172556,30.0,0.6545369092618147,60.0,0.6385621275428742,300.0
Flare_All,M-Class,2,Conjunction,4824,369,363.32,363.22,101.56,0.7895842083158336,0.28,Enhancement,sf_algo2_at_least_one.csv,sf,0.7895842083158336,30.0,0.8168112499818969,60.0,0.837015061818905,300.0
Flare_All,M-Class,3,Conjunction,4824,566,536.08,535.9,105.58,0.24307513849723,1.19,Enhancement,sf_algo2_at_least_one.csv,sf,0.3472501978531857,30.0,0.38946913369424907,60.0,0.41467352471132385,300.0
Flare_All,M-Class,4,Conjunction,4824,718,703.02,702.82,102.13,0.6196276074478511,0.5,Enhancement,sf_algo2_at_least_one.csv,sf,0.6884751193865012,30.0,0.712287641039632,60.0,0.7149549316705974,300.0
Flare_All,M-Class,5,Conjunction,4824,854,864.66,864.19,98.77,0.756904861902762,-0.31,Suppression,sf_algo2_at_least_one.csv,sf,0.7895842083158336,30.0,0.8109694948958165,60.0,0.8109694948958164,300.0
Flare_All,M-Class,6,Conjunction,4824,1010,1020.78,1020.13,98.94,0.7742645147097058,-0.28,Suppression,sf_algo2_at_least_one.csv,sf,0.7895842083158336,30.0,0.8150152786417956,60.0,0.826616919618903,300.0
Flare_All,M-Class,7,Conjunction,4824,1150,1171.71,1170.79,98.15,0.6031079378412432,-0.51,Suppression,sf_algo2_at_least_one.csv,sf,0.6884751193865012,30.0,0.7095387504014626,60.0,0.7040170480637079,300.0
Flare_All,M-Class,8,Conjunction,4824,1289,1317.7,1316.33,97.82,0.5359492810143797,-0.61,Suppression,sf_algo2_at_least_one.csv,sf,0.6431391372172556,30.0,0.6562644257318935,60.0,0.648325743162556,300.0
Flare_All,M-Class,9,Conjunction,4824,1404,1458.68,1456.91,96.25,0.2908341833163336,-1.07,Suppression,sf_algo2_at_least_one.csv,sf,0.3793489347604351,30.0,0.4058151395111631,60.0,0.46164156081957713,300.0
Flare_All,M-Class,10,Conjunction,4824,1533,1594.75,1592.66,96.13,0.2698746025079498,-1.12,Suppression,sf_algo2_at_least_one.csv,sf,0.36801082160174975,30.0,0.39936344130260243,60.0,0.4376344905534321,300.0
Flare_All,M-Class,11,Conjunction,4824,1648,1726.17,1723.73,95.47,0.1978760424791504,-1.32,Suppression,sf_algo2_at_least_one.csv,sf,0.2968140637187256,30.0,0.3491930161396772,60.0,0.38176159553732003,300.0
Flare_All,M-Class,12,Conjunction,4824,1753,1853.09,1850.25,94.6,0.1351572968540629,-1.58,Suppression,sf_algo2_at_least_one.csv,sf,0.21340625819062564,30.0,0.27506546643260665,60.0,0.38176159553732003,300.0
Flare_All,M-Class,13,Conjunction,4824,1849,1975.69,1972.34,93.59,0.0882782344353113,-1.88,Suppression,sf_algo2_at_least_one.csv,sf,0.14713039072551884,30.0,0.2648347033059339,60.0,0.38176159553732003,300.0
Flare_All,M-Class,14,Conjunction,4824,1952,2093.85,2090.15,93.23,0.0771584568308633,-1.98,Suppression,sf_algo2_at_least_one.csv,sf,0.13842076099654466,30.0,0.24770030915171146,60.0,0.38176159553732003,300.0
Flare_All,M-Class,15,Conjunction,4824,2057,2207.87,2203.79,93.17,0.0784384312313753,-1.99,Suppression,sf_algo2_at_least_one.csv,sf,0.13842076099654466,30.0,0.24770030915171146,60.0,0.38176159553732003,300.0
Flare_All,M-Class,16,Conjunction,4824,2145,2317.92,2313.37,92.54,0.0633987320253594,-2.16,Suppression,sf_algo2_at_least_one.csv,sf,0.1267974640507188,30.0,0.23774524509509773,60.0,0.38176159553732003,300.0
Flare_All,M-Class,17,Conjunction,4824,2221,2423.97,2419.02,91.63,0.0457990840183196,-2.41,Suppression,sf_algo2_at_least_one.csv,sf,0.10002657089715343,30.0,0.1867162656746864,60.0,0.38176159553732003,300.0
Flare_All,M-Class,18,Conjunction,4824,2302,2526.43,2520.87,91.12,0.0371192576148477,-2.54,Suppression,sf_algo2_at_least_one.csv,sf,0.10002657089715343,30.0,0.1867162656746864,60.0,0.38176159553732003,300.0
Flare_All,M-Class,19,Conjunction,4824,2393,2625.18,2619.0,91.16,0.0407991840163196,-2.51,Suppression,sf_algo2_at_least_one.csv,sf,0.10002657089715343,30.0,0.1867162656746864,60.0,0.38176159553732003,300.0
Flare_All,M-Class,20,Conjunction,4824,2474,2720.17,2713.55,90.95,0.0380792384152317,-2.56,Suppression,sf_algo2_at_least_one.csv,sf,0.10002657089715343,30.0,0.1867162656746864,60.0,0.38176159553732003,300.0
Flare_All,M-Class,21,Conjunction,4824,2565,2811.64,2804.61,91.23,0.0466790664186716,-2.48,Suppression,sf_algo2_at_least_one.csv,sf,0.10002657089715343,30.0,0.1867162656746864,60.0,0.38176159553732003,300.0
Flare_All,M-Class,22,Conjunction,4824,2642,2899.85,2892.31,91.11,0.0461990760184796,-2.5,Suppression,sf_algo2_at_least_one.csv,sf,0.10002657089715343,30.0,0.1867162656746864,60.0,0.38176159553732003,300.0
Flare_All,M-Class,23,Conjunction,4824,2716,2984.78,2976.73,91.0,0.0460390792184156,-2.53,Suppression,sf_algo2_at_least_one.csv,sf,0.10002657089715343,30.0,0.1867162656746864,60.0,0.38176159553732003,300.0
Flare_All,M-Class,24,Conjunction,4824,2777,3066.46,3057.98,90.56,0.0366392672146557,-2.65,Suppression,sf_algo2_at_least_one.csv,sf,0.10002657089715343,30.0,0.1867162656746864,60.0,0.38176159553732003,300.0
Flare_All,M-Class,25,Conjunction,4824,2857,3144.98,3136.17,90.84,0.0445591088178236,-2.58,Suppression,sf_algo2_at_least_one.csv,sf,0.10002657089715343,30.0,0.1867162656746864,60.0,0.38176159553732003,300.0
Flare_All,M-Class,26,Conjunction,4824,2923,3220.44,3211.38,90.76,0.0435991280174396,-2.6,Suppression,sf_algo2_at_least_one.csv,sf,0.10002657089715343,30.0,0.1867162656746864,60.0,0.38176159553732003,300.0
Flare_All,M-Class,27,Conjunction,4824,2978,3293.24,3283.7,90.43,0.0353192936141277,-2.7,Suppression,sf_algo2_at_least_one.csv,sf,0.10002657089715343,30.0,0.1867162656746864,60.0,0.38176159553732003,300.0
Flare_All,M-Class,28,Conjunction,4824,3048,3363.3,3353.22,90.63,0.0399992000159996,-2.64,Suppression,sf_algo2_at_least_one.csv,sf,0.10002657089715343,30.0,0.1867162656746864,60.0,0.38176159553732003,300.0
Flare_All,M-Class,29,Conjunction,4824,3114,3430.57,3420.05,90.77,0.0423191536169276,-2.6,Suppression,sf_algo2_at_least_one.csv,sf,0.10002657089715343,30.0,0.1867162656746864,60.0,0.38176159553732003,300.0
Flare_All,M-Class,30,Conjunction,4824,3162,3495.17,3484.27,90.47,0.0332393352132957,-2.69,Suppression,sf_algo2_at_least_one.csv,sf,0.10002657089715343,30.0,0.1867162656746864,60.0,0.38176159553732003,300.0
Flare_All,M-Class,1,Opposition,4824,222,184.58,184.6,120.28,0.0128797424051518,2.62,Enhancement,sf_algo2_at_least_one.csv,sf,0.35529289414211696,30.0,0.1867162656746864,60.0,0.33256477727588146,300.0
Flare_All,M-Class,2,Opposition,4824,402,363.13,363.14,110.7,0.0687186256274874,1.87,Enhancement,sf_algo2_at_least_one.csv,sf,0.35529289414211696,30.0,0.24253632574407316,60.0,0.38176159553732003,300.0
Flare_All,M-Class,3,Opposition,4824,559,535.82,535.78,104.33,0.3824323513529729,0.88,Enhancement,sf_algo2_at_least_one.csv,sf,0.546331930504247,30.0,0.521498660935872,60.0,0.5442545177532468,300.0
Flare_All,M-Class,4,Opposition,4824,718,702.81,702.69,102.16,0.629187416251675,0.49,Enhancement,sf_algo2_at_least_one.csv,sf,0.7259854802903942,30.0,0.712287641039632,60.0,0.7231916430373683,300.0
Flare_All,M-Class,5,Opposition,4824,880,864.52,864.04,101.79,0.6741465170696586,0.44,Enhancement,sf_algo2_at_least_one.csv,sf,0.749051685632954,30.0,0.749051685632954,60.0,0.7524607872154824,300.0
Flare_All,M-Class,6,Opposition,4824,1034,1020.7,1019.95,101.3,0.749945001099978,0.33,Enhancement,sf_algo2_at_least_one.csv,sf,0.8035125011785479,30.0,0.8109694948958165,60.0,0.8070376226884064,300.0
Flare_All,M-Class,7,Opposition,4824,1177,1171.65,1170.57,100.46,0.9239815203695926,0.12,Enhancement,sf_algo2_at_least_one.csv,sf,0.9239815203695926,30.0,0.9239815203695926,60.0,0.946056164200948,300.0
Flare_All,M-Class,8,Opposition,4824,1312,1317.55,1316.1,99.58,0.9027419451610968,-0.11,Suppression,sf_algo2_at_least_one.csv,sf,0.9239815203695926,30.0,0.9180426560960308,60.0,0.9306617991351515,300.0
Flare_All,M-Class,9,Opposition,4824,1429,1458.43,1456.66,97.98,0.5671086578268435,-0.54,Suppression,sf_algo2_at_least_one.csv,sf,0.6805303893922122,30.0,0.6805303893922122,60.0,0.6778191129404504,300.0
Flare_All,M-Class,10,Opposition,4824,1558,1594.47,1592.41,97.71,0.5125897482050359,-0.62,Suppression,sf_algo2_at_least_one.csv,sf,0.6407371852562949,30.0,0.6543698913255778,60.0,0.6302332969734048,300.0
Flare_All,M-Class,11,Opposition,4824,1677,1725.77,1723.47,97.17,0.4243515129697406,-0.76,Suppression,sf_algo2_at_least_one.csv,sf,0.553501973438792,30.0,0.553501973438792,60.0,0.5632984685439034,300.0
Flare_All,M-Class,12,Opposition,4824,1799,1852.72,1849.98,97.1,0.4063918721625567,-0.78,Suppression,sf_algo2_at_least_one.csv,sf,0.553501973438792,30.0,0.5418558295500756,60.0,0.5567011947432283,300.0
Flare_All,M-Class,13,Opposition,4824,1895,1975.25,1972.06,95.94,0.2747545049099018,-1.09,Suppression,sf_algo2_at_least_one.csv,sf,0.41933161336773256,30.0,0.39936344130260243,60.0,0.4418093456312692,300.0
Flare_All,M-Class,14,Opposition,4824,1999,2093.51,2089.84,95.49,0.2383552328953421,-1.21,Suppression,sf_algo2_at_least_one.csv,sf,0.41933161336773256,30.0,0.38946913369424907,60.0,0.41095729809541737,300.0
Flare_All,M-Class,15,Opposition,4824,2118,2207.41,2203.45,95.95,0.2795544089118217,-1.08,Suppression,sf_algo2_at_least_one.csv,sf,0.41933161336773256,30.0,0.39936344130260243,60.0,0.4460974610295027,300.0
Flare_All,M-Class,16,Opposition,4824,2214,2317.31,2313.0,95.54,0.2530349393012139,-1.18,Suppression,sf_algo2_at_least_one.csv,sf,0.41933161336773256,30.0,0.38946913369424907,60.0,0.42425818150303657,300.0
Flare_All,M-Class,17,Opposition,4824,2314,2423.31,2418.63,95.49,0.2531549369012619,-1.19,Suppression,sf_algo2_at_least_one.csv,sf,0.41933161336773256,30.0,0.38946913369424907,60.0,0.42425818150303657,300.0
Flare_All,M-Class,18,Opposition,4824,2403,2525.42,2520.44,95.15,0.2312753744925101,-1.27,Suppression,sf_algo2_at_least_one.csv,sf,0.41933161336773256,30.0,0.38946913369424907,60.0,0.40764096998761773,300.0
Flare_All,M-Class,19,Opposition,4824,2475,2623.78,2618.56,94.33,0.1837163256734865,-1.48,Suppression,sf_algo2_at_least_one.csv,sf,0.39367784072889966,30.0,0.33402968304270275,60.0,0.38176159553732003,300.0
Flare_All,M-Class,20,Opposition,4824,2556,2718.65,2713.11,94.02,0.1714765704685906,-1.55,Suppression,sf_algo2_at_least_one.csv,sf,0.39367784072889966,30.0,0.32151856962860736,60.0,0.38176159553732003,300.0
Flare_All,M-Class,21,Opposition,4824,2624,2809.96,2804.17,93.38,0.1421171576568468,-1.71,Suppression,sf_algo2_at_least_one.csv,sf,0.35529289414211696,30.0,0.27506546643260665,60.0,0.38176159553732003,300.0
Flare_All,M-Class,22,Opposition,4824,2686,2898.06,2891.88,92.68,0.1097978040439191,-1.88,Suppression,sf_algo2_at_least_one.csv,sf,0.35529289414211696,30.0,0.27506546643260665,60.0,0.38176159553732003,300.0
Flare_All,M-Class,23,Opposition,4824,2766,2982.78,2976.33,92.73,0.116237675246495,-1.87,Suppression,sf_algo2_at_least_one.csv,sf,0.35529289414211696,30.0,0.27506546643260665,60.0,0.38176159553732003,300.0
Flare_All,M-Class,24,Opposition,4824,2849,3064.36,3057.61,92.97,0.1292774144517109,-1.8,Suppression,sf_algo2_at_least_one.csv,sf,0.35529289414211696,30.0,0.27506546643260665,60.0,0.38176159553732003,300.0
Flare_All,M-Class,25,Opposition,4824,2926,3142.9,3135.82,93.1,0.1385572288554229,-1.77,Suppression,sf_algo2_at_least_one.csv,sf,0.35529289414211696,30.0,0.27506546643260665,60.0,0.38176159553732003,300.0
Flare_All,M-Class,26,Opposition,4824,2994,3218.55,3211.06,93.02,0.1363172736545269,-1.79,Suppression,sf_algo2_at_least_one.csv,sf,0.35529289414211696,30.0,0.27506546643260665,60.0,0.38176159553732003,300.0
Flare_All,M-Class,27,Opposition,4824,3050,3291.23,3283.41,92.67,0.118037639247215,-1.88,Suppression,sf_algo2_at_least_one.csv,sf,0.35529289414211696,30.0,0.27506546643260665,60.0,0.38176159553732003,300.0
Flare_All,M-Class,28,Opposition,4824,3119,3361.41,3352.96,92.79,0.123877522449551,-1.85,Suppression,sf_algo2_at_least_one.csv,sf,0.35529289414211696,30.0,0.27506546643260665,60.0,0.38176159553732003,300.0
Flare_All,M-Class,29,Opposition,4824,3172,3428.85,3419.8,92.51,0.1117577648447031,-1.92,Suppression,sf_algo2_at_least_one.csv,sf,0.35529289414211696,30.0,0.27506546643260665,60.0,0.38176159553732003,300.0
Flare_All,M-Class,30,Opposition,4824,3232,3493.5,3484.02,92.51,0.1116777664446711,-1.93,Suppression,sf_algo2_at_least_one.csv,sf,0.35529289414211696,30.0,0.27506546643260665,60.0,0.38176159553732003,300.0
Flare_All,Total,1,Conjunction,39034,1556,1493.87,1494.12,104.16,0.1839963200735985,1.35,Enhancement,sf_algo2_at_least_one.csv,sf,0.31344636265169434,30.0,0.3119937601247974,60.0,0.38176159553732003,300.0
Flare_All,Total,2,Conjunction,39034,3094,2939.04,2939.09,105.27,0.0292794144117117,2.14,Enhancement,sf_algo2_at_least_one.csv,sf,0.2853371503998491,30.0,0.3056409460046093,60.0,0.38176159553732003,300.0
Flare_All,Total,3,Conjunction,39034,4492,4336.7,4336.4,103.58,0.1030379392412151,1.6,Enhancement,sf_algo2_at_least_one.csv,sf,0.2853371503998491,30.0,0.3056409460046093,60.0,0.38176159553732003,300.0
Flare_All,Total,4,Conjunction,39034,5812,5687.83,5687.33,102.18,0.3115537689246215,1.03,Enhancement,sf_algo2_at_least_one.csv,sf,0.3894422111557769,30.0,0.39772821564845295,60.0,0.48178417874941465,300.0
Flare_All,Total,5,Conjunction,39034,7145,6994.98,6993.13,102.14,0.3091938161236775,1.03,Enhancement,sf_algo2_at_least_one.csv,sf,0.3894422111557769,30.0,0.39772821564845295,60.0,0.4806121494150428,300.0
Flare_All,Total,6,Conjunction,39034,8425,8259.18,8255.1,102.01,0.3386732265354693,0.97,Enhancement,sf_algo2_at_least_one.csv,sf,0.4064078718425631,30.0,0.41470191004343177,60.0,0.5021574445358384,300.0
Flare_All,Total,7,Conjunction,39034,9654,9481.01,9474.44,101.82,0.3926321473570529,0.88,Enhancement,sf_algo2_at_least_one.csv,sf,0.4530370931042918,30.0,0.47115857682846346,60.0,0.5478588102656552,300.0
Flare_All,Total,8,Conjunction,39034,10770,10661.86,10652.35,101.01,0.6549869002619948,0.48,Enhancement,sf_algo2_at_least_one.csv,sf,0.7017716788521372,30.0,0.6894598950126261,60.0,0.7443032957522668,300.0
Flare_All,Total,9,Conjunction,39034,11792,11801.8,11789.92,99.92,0.9197816043679128,-0.04,Suppression,sf_algo2_at_least_one.csv,sf,0.9197816043679128,30.0,0.9197816043679128,60.0,0.9449811003779925,300.0
Flare_All,Total,10,Conjunction,39034,12863,12902.85,12888.35,99.69,0.8200635987280255,-0.14,Suppression,sf_algo2_at_least_one.csv,sf,0.8483416538565781,30.0,0.8483416538565781,60.0,0.8632248407663425,300.0
Flare_All,Total,11,Conjunction,39034,13801,13966.34,13948.81,98.82,0.5257494850102998,-0.52,Suppression,sf_algo2_at_least_one.csv,sf,0.5841660944558887,30.0,0.5633030196538927,60.0,0.6385621275428742,300.0
Flare_All,Total,12,Conjunction,39034,14628,14993.04,14972.38,97.57,0.3026739465210696,-1.05,Suppression,sf_algo2_at_least_one.csv,sf,0.3894422111557769,30.0,0.39772821564845295,60.0,0.47540410448335535,300.0
Flare_All,Total,13,Conjunction,39034,15541,15984.55,15960.12,97.23,0.2693146137077258,-1.17,Suppression,sf_algo2_at_least_one.csv,sf,0.38473516243960826,30.0,0.36724720051053517,60.0,0.4376344905534321,300.0
Flare_All,Total,14,Conjunction,39034,16372,16940.16,16913.02,96.65,0.2237555248895022,-1.38,Suppression,sf_algo2_at_least_one.csv,sf,0.3356332873342533,30.0,0.3274471095943935,60.0,0.4019560327356327,300.0
Flare_All,Total,15,Conjunction,39034,17182,17862.47,17832.12,96.19,0.1985160296794064,-1.53,Suppression,sf_algo2_at_least_one.csv,sf,0.31344636265169434,30.0,0.3119937601247974,60.0,0.38176159553732003,300.0
Flare_All,Total,16,Conjunction,39034,18009,18752.72,18718.46,96.03,0.1971160576788464,-1.55,Suppression,sf_algo2_at_least_one.csv,sf,0.31344636265169434,30.0,0.3119937601247974,60.0,0.38176159553732003,300.0
Flare_All,Total,17,Conjunction,39034,18744,19610.28,19572.98,95.58,0.1731965360692786,-1.69,Suppression,sf_algo2_at_least_one.csv,sf,0.31344636265169434,30.0,0.3056409460046093,60.0,0.38176159553732003,300.0
Flare_All,Total,18,Conjunction,39034,19459,20437.08,20396.7,95.21,0.1548769024619507,-1.8,Suppression,sf_algo2_at_least_one.csv,sf,0.3097538049239014,30.0,0.3056409460046093,60.0,0.38176159553732003,300.0
Flare_All,Total,19,Conjunction,39034,20118,21234.65,21190.51,94.74,0.1318773624527509,-1.93,Suppression,sf_algo2_at_least_one.csv,sf,0.2853371503998491,30.0,0.3056409460046093,60.0,0.38176159553732003,300.0
Flare_All,Total,20,Conjunction,39034,20821,22002.59,21955.28,94.63,0.1331573368532629,-1.94,Suppression,sf_algo2_at_least_one.csv,sf,0.2853371503998491,30.0,0.3056409460046093,60.0,0.38176159553732003,300.0
Flare_All,Total,21,Conjunction,39034,21486,22742.11,22691.89,94.48,0.1311573768524629,-1.97,Suppression,sf_algo2_at_least_one.csv,sf,0.2853371503998491,30.0,0.3056409460046093,60.0,0.38176159553732003,300.0
Flare_All,Total,22,Conjunction,39034,22117,23454.81,23401.18,94.3,0.125477490450191,-2.0,Suppression,sf_algo2_at_least_one.csv,sf,0.2853371503998491,30.0,0.3056409460046093,60.0,0.38176159553732003,300.0
Flare_All,Total,23,Conjunction,39034,22736,24141.44,24084.01,94.18,0.123197536049279,-2.02,Suppression,sf_algo2_at_least_one.csv,sf,0.2853371503998491,30.0,0.3056409460046093,60.0,0.38176159553732003,300.0
Flare_All,Total,24,Conjunction,39034,23325,24801.88,24741.2,94.05,0.118837623247535,-2.04,Suppression,sf_algo2_at_least_one.csv,sf,0.2853371503998491,30.0,0.3056409460046093,60.0,0.38176159553732003,300.0
Flare_All,Total,25,Conjunction,39034,23918,25436.84,25373.58,94.03,0.120597588048239,-2.02,Suppression,sf_algo2_at_least_one.csv,sf,0.2853371503998491,30.0,0.3056409460046093,60.0,0.38176159553732003,300.0
Flare_All,Total,26,Conjunction,39034,24474,26048.05,25981.9,93.96,0.118877622447551,-2.03,Suppression,sf_algo2_at_least_one.csv,sf,0.2853371503998491,30.0,0.3056409460046093,60.0,0.38176159553732003,300.0
Flare_All,Total,27,Conjunction,39034,25001,26636.64,26566.93,93.86,0.114677706445871,-2.05,Suppression,sf_algo2_at_least_one.csv,sf,0.2853371503998491,30.0,0.3056409460046093,60.0,0.38176159553732003,300.0
Flare_All,Total,28,Conjunction,39034,25510,27203.19,27129.41,93.78,0.1115177696446071,-2.06,Suppression,sf_algo2_at_least_one.csv,sf,0.2853371503998491,30.0,0.3056409460046093,60.0,0.38176159553732003,300.0
Flare_All,Total,29,Conjunction,39034,26040,27747.39,27670.09,93.85,0.115197696046079,-2.03,Suppression,sf_algo2_at_least_one.csv,sf,0.2853371503998491,30.0,0.3056409460046093,60.0,0.38176159553732003,300.0
Flare_All,Total,30,Conjunction,39034,26484,28269.59,28189.69,93.68,0.1051978960420791,-2.08,Suppression,sf_algo2_at_least_one.csv,sf,0.2853371503998491,30.0,0.3056409460046093,60.0,0.38176159553732003,300.0
Flare_All,Total,1,Opposition,39034,1530,1493.63,1493.32,102.44,0.4354712905741885,0.8,Enhancement,sf_algo2_at_least_one.csv,sf,0.4838569895268761,30.0,0.4929863666877606,60.0,0.5682147226620684,300.0
Flare_All,Total,2,Opposition,39034,2927,2938.37,2937.63,99.61,0.8735825283494331,-0.16,Suppression,sf_algo2_at_least_one.csv,sf,0.8735825283494331,30.0,0.8883890118807795,60.0,0.9068330744111761,300.0
Flare_All,Total,3,Opposition,39034,4271,4335.54,4334.16,98.51,0.4845903081938361,-0.67,Suppression,sf_algo2_at_least_one.csv,sf,0.5013003188212097,30.0,0.528643972575094,60.0,0.6104506009053372,300.0
Flare_All,Total,4,Opposition,39034,5594,5686.65,5684.39,98.37,0.4290714185716285,-0.75,Suppression,sf_algo2_at_least_one.csv,sf,0.4838569895268761,30.0,0.4929863666877606,60.0,0.56705473820039,300.0
Flare_All,Total,5,Opposition,39034,6895,6994.22,6989.57,98.58,0.4735505289894202,-0.66,Suppression,sf_algo2_at_least_one.csv,sf,0.5013003188212097,30.0,0.5261672544326891,60.0,0.601971011427229,300.0
Flare_All,Total,6,Opposition,39034,8120,8258.67,8250.91,98.32,0.4047119057618847,-0.77,Suppression,sf_algo2_at_least_one.csv,sf,0.4838569895268761,30.0,0.4761316538375114,60.0,0.5567011947432283,300.0
Flare_All,Total,7,Opposition,39034,9283,9480.56,9469.64,97.92,0.3305533889322213,-0.93,Suppression,sf_algo2_at_least_one.csv,sf,0.4131917361652766,30.0,0.4131917361652766,60.0,0.49928649668212655,300.0
Flare_All,Total,8,Opposition,39034,10361,10661.56,10647.02,97.18,0.2366752664946701,-1.23,Suppression,sf_algo2_at_least_one.csv,sf,0.3218022596069817,30.0,0.3381075235638144,60.0,0.41041953727399444,300.0
Flare_All,Total,9,Opposition,39034,11425,11802.6,11784.21,96.8,0.2102757944841103,-1.35,Suppression,sf_algo2_at_least_one.csv,sf,0.30039399212015755,30.0,0.31541369172616546,60.0,0.387967700768684,300.0
Flare_All,Total,10,Opposition,39034,12531,12904.9,12882.37,97.1,0.246715065698686,-1.19,Suppression,sf_algo2_at_least_one.csv,sf,0.3218022596069817,30.0,0.34425358004467815,60.0,0.4181611283028577,300.0
Flare_All,Total,11,Opposition,39034,13473,13969.51,13942.56,96.45,0.2027959440811183,-1.42,Suppression,sf_algo2_at_least_one.csv,sf,0.30039399212015755,30.0,0.3119937601247974,60.0,0.38627075559754614,300.0
Flare_All,Total,12,Opposition,39034,14412,14997.25,14965.8,96.1,0.1885562288754225,-1.51,Suppression,sf_algo2_at_least_one.csv,sf,0.29772036138224606,30.0,0.3119937601247974,60.0,0.38176159553732003,300.0
Flare_All,Total,13,Opposition,39034,15294,15988.91,15953.23,95.65,0.1705565888682226,-1.64,Suppression,sf_algo2_at_least_one.csv,sf,0.28426098144703765,30.0,0.3056409460046093,60.0,0.38176159553732003,300.0
Flare_All,Total,14,Opposition,39034,16145,16945.86,16905.93,95.27,0.1582768344633107,-1.74,Suppression,sf_algo2_at_least_one.csv,sf,0.28426098144703765,30.0,0.3056409460046093,60.0,0.38176159553732003,300.0
Flare_All,Total,15,Opposition,39034,17011,17869.27,17824.89,95.2,0.1627567448651027,-1.73,Suppression,sf_algo2_at_least_one.csv,sf,0.28426098144703765,30.0,0.3056409460046093,60.0,0.38176159553732003,300.0
Flare_All,Total,16,Opposition,39034,17833,18760.06,18711.12,95.06,0.1633567328653427,-1.74,Suppression,sf_algo2_at_least_one.csv,sf,0.28426098144703765,30.0,0.3056409460046093,60.0,0.38176159553732003,300.0
Flare_All,Total,17,Opposition,39034,18619,19618.65,19565.57,94.9,0.1620767584648307,-1.76,Suppression,sf_algo2_at_least_one.csv,sf,0.28426098144703765,30.0,0.3056409460046093,60.0,0.38176159553732003,300.0
Flare_All,Total,18,Opposition,39034,19332,20446.49,20389.15,94.55,0.1494370112597748,-1.85,Suppression,sf_algo2_at_least_one.csv,sf,0.28426098144703765,30.0,0.3056409460046093,60.0,0.38176159553732003,300.0
Flare_All,Total,19,Opposition,39034,20030,21243.8,21182.81,94.29,0.1402371952560948,-1.91,Suppression,sf_algo2_at_least_one.csv,sf,0.28426098144703765,30.0,0.3056409460046093,60.0,0.38176159553732003,300.0
Flare_All,Total,20,Opposition,39034,20718,22011.32,21947.48,94.12,0.1359172816543669,-1.93,Suppression,sf_algo2_at_least_one.csv,sf,0.28426098144703765,30.0,0.3056409460046093,60.0,0.38176159553732003,300.0
Flare_All,Total,21,Opposition,39034,21357,22750.52,22684.01,93.87,0.127277454450911,-1.99,Suppression,sf_algo2_at_least_one.csv,sf,0.28426098144703765,30.0,0.3056409460046093,60.0,0.38176159553732003,300.0
Flare_All,Total,22,Opposition,39034,21992,23463.01,23393.28,93.73,0.123677526449471,-2.01,Suppression,sf_algo2_at_least_one.csv,sf,0.28426098144703765,30.0,0.3056409460046093,60.0,0.38176159553732003,300.0
Flare_All,Total,23,Opposition,39034,22613,24149.14,24076.12,93.64,0.122717545649087,-2.02,Suppression,sf_algo2_at_least_one.csv,sf,0.28426098144703765,30.0,0.3056409460046093,60.0,0.38176159553732003,300.0
Flare_All,Total,24,Opposition,39034,23276,24809.37,24733.34,93.82,0.1361572768544629,-1.94,Suppression,sf_algo2_at_least_one.csv,sf,0.28426098144703765,30.0,0.3056409460046093,60.0,0.38176159553732003,300.0
Flare_All,Total,25,Opposition,39034,23857,25444.11,25365.76,93.76,0.1349973000539989,-1.95,Suppression,sf_algo2_at_least_one.csv,sf,0.28426098144703765,30.0,0.3056409460046093,60.0,0.38176159553732003,300.0
Flare_All,Total,26,Opposition,39034,24446,26055.06,25974.17,93.82,0.1409971800563988,-1.91,Suppression,sf_algo2_at_least_one.csv,sf,0.28426098144703765,30.0,0.3056409460046093,60.0,0.38176159553732003,300.0
Flare_All,Total,27,Opposition,39034,24958,26643.28,26559.3,93.67,0.1350772984540309,-1.95,Suppression,sf_algo2_at_least_one.csv,sf,0.28426098144703765,30.0,0.3056409460046093,60.0,0.38176159553732003,300.0
Flare_All,Total,28,Opposition,39034,25488,27209.75,27121.9,93.67,0.1352372952540949,-1.95,Suppression,sf_algo2_at_least_one.csv,sf,0.28426098144703765,30.0,0.3056409460046093,60.0,0.38176159553732003,300.0
Flare_All,Total,29,Opposition,39034,26018,27753.33,27662.71,93.75,0.1384772304553909,-1.92,Suppression,sf_algo2_at_least_one.csv,sf,0.28426098144703765,30.0,0.3056409460046093,60.0,0.38176159553732003,300.0
Flare_All,Total,30,Opposition,39034,26507,28274.91,28182.4,93.75,0.1393172136557268,-1.92,Suppression,sf_algo2_at_least_one.csv,sf,0.28426098144703765,30.0,0.3056409460046093,60.0,0.38176159553732003,300.0
Flare_All,X-Class,1,Conjunction,429,17,16.4,16.39,103.65,0.9450610987780244,0.15,Enhancement,sf_algo2_at_least_one.csv,sf,0.9776494125289907,30.0,0.9680755537431625,60.0,0.9578321947074571,300.0
Flare_All,X-Class,2,Conjunction,429,36,32.26,32.23,111.6,0.5550288994220116,0.67,Enhancement,sf_algo2_at_least_one.csv,sf,0.8383678480276548,30.0,0.7729845403091938,60.0,0.666034679306414,300.0
Flare_All,X-Class,3,Conjunction,429,53,47.6,47.56,111.33,0.4660706785864282,0.8,Enhancement,sf_algo2_at_least_one.csv,sf,0.8383678480276548,30.0,0.6658152551234688,60.0,0.5975265110082413,300.0
Flare_All,X-Class,4,Conjunction,429,66,62.44,62.37,105.69,0.6887062258754825,0.46,Enhancement,sf_algo2_at_least_one.csv,sf,0.8383678480276548,30.0,0.7823390701997281,60.0,0.7622053441284117,300.0
Flare_All,X-Class,5,Conjunction,429,81,76.81,76.7,105.46,0.6589068218635628,0.49,Enhancement,sf_algo2_at_least_one.csv,sf,0.8383678480276548,30.0,0.7823390701997281,60.0,0.7459322511662975,300.0
Flare_All,X-Class,6,Conjunction,429,96,90.66,90.55,105.89,0.5926281474370513,0.57,Enhancement,sf_algo2_at_least_one.csv,sf,0.8383678480276548,30.0,0.7729845403091938,60.0,0.698892272154557,300.0
Flare_All,X-Class,7,Conjunction,429,108,104.08,103.93,103.76,0.7174256514869702,0.39,Enhancement,sf_algo2_at_least_one.csv,sf,0.8383678480276548,30.0,0.7926386926806918,60.0,0.7871229436725135,300.0
Flare_All,X-Class,8,Conjunction,429,122,117.1,116.86,104.18,0.6651066978660427,0.46,Enhancement,sf_algo2_at_least_one.csv,sf,0.8383678480276548,30.0,0.7823390701997281,60.0,0.7501203359391458,300.0
Flare_All,X-Class,9,Conjunction,429,129,129.63,129.34,99.52,1.0,-0.06,Suppression,sf_algo2_at_least_one.csv,sf,1.0,30.0,1.0,60.0,1.0,300.0
Flare_All,X-Class,10,Conjunction,429,138,141.74,141.41,97.36,0.7841043179136418,-0.32,Suppression,sf_algo2_at_least_one.csv,sf,0.8712270199040465,30.0,0.8401117691931876,60.0,0.8341535296953636,300.0
Flare_All,X-Class,11,Conjunction,429,151,153.42,153.05,98.42,0.876862462750745,-0.2,Suppression,sf_algo2_at_least_one.csv,sf,0.9394954958043696,30.0,0.9230131186849947,60.0,0.9070990993973224,300.0
Flare_All,X-Class,12,Conjunction,429,158,164.63,164.3,95.98,0.618387632247355,-0.53,Suppression,sf_algo2_at_least_one.csv,sf,0.8383678480276548,30.0,0.7729845403091938,60.0,0.7149549316705974,300.0
Flare_All,X-Class,13,Conjunction,429,170,175.49,175.15,96.87,0.6910661786764265,-0.43,Suppression,sf_algo2_at_least_one.csv,sf,0.8383678480276548,30.0,0.7823390701997281,60.0,0.7622053441284117,300.0
Flare_All,X-Class,14,Conjunction,429,181,185.94,185.62,97.34,0.7265854682906342,-0.38,Suppression,sf_algo2_at_least_one.csv,sf,0.8383678480276548,30.0,0.7926386926806918,60.0,0.7926386926806918,300.0
Flare_All,X-Class,15,Conjunction,429,189,196.01,195.72,96.42,0.6163876722465551,-0.53,Suppression,sf_algo2_at_least_one.csv,sf,0.8383678480276548,30.0,0.7729845403091938,60.0,0.7149549316705974,300.0
Flare_All,X-Class,16,Conjunction,429,195,205.77,205.46,94.77,0.4356312873742525,-0.8,Suppression,sf_algo2_at_least_one.csv,sf,0.8383678480276548,30.0,0.6534469310613787,60.0,0.5682147226620684,300.0
Flare_All,X-Class,17,Conjunction,429,205,215.2,214.85,95.26,0.4572708545829083,-0.75,Suppression,sf_algo2_at_least_one.csv,sf,0.8383678480276548,30.0,0.6658152551234688,60.0,0.5887607569737016,300.0
Flare_All,X-Class,18,Conjunction,429,211,224.28,223.9,94.08,0.3415531689366212,-0.96,Suppression,sf_algo2_at_least_one.csv,sf,0.788199620622972,30.0,0.5538700036810074,60.0,0.5022840719656194,300.0
Flare_All,X-Class,19,Conjunction,429,219,233.06,232.63,93.97,0.3166736665266694,-1.01,Suppression,sf_algo2_at_least_one.csv,sf,0.788199620622972,30.0,0.5277894442111157,60.0,0.48719025619487594,300.0
Flare_All,X-Class,20,Conjunction,429,227,241.54,241.04,93.98,0.3045539089218215,-1.03,Suppression,sf_algo2_at_least_one.csv,sf,0.788199620622972,30.0,0.5220924152945511,60.0,0.47586548269034606,300.0
Flare_All,X-Class,21,Conjunction,429,233,249.66,249.14,93.33,0.254554908901822,-1.16,Suppression,sf_algo2_at_least_one.csv,sf,0.7636647267054659,30.0,0.4492145451208623,60.0,0.42425818150303657,300.0
Flare_All,X-Class,22,Conjunction,429,238,257.49,256.94,92.43,0.1951160976780464,-1.34,Suppression,sf_algo2_at_least_one.csv,sf,0.6503869922601546,30.0,0.365842683146337,60.0,0.38176159553732003,300.0
Flare_All,X-Class,23,Conjunction,429,243,265.07,264.45,91.67,0.1560368792624147,-1.49,Suppression,sf_algo2_at_least_one.csv,sf,0.5860382792344152,30.0,0.305800335606191,60.0,0.38176159553732003,300.0
Flare_All,X-Class,24,Conjunction,429,250,272.38,271.68,91.79,0.1562768744625107,-1.5,Suppression,sf_algo2_at_least_one.csv,sf,0.5860382792344152,30.0,0.305800335606191,60.0,0.38176159553732003,300.0
Flare_All,X-Class,25,Conjunction,429,254,279.39,278.63,90.91,0.117317653646927,-1.68,Suppression,sf_algo2_at_least_one.csv,sf,0.5860382792344152,30.0,0.27073304687752386,60.0,0.38176159553732003,300.0
Flare_All,X-Class,26,Conjunction,429,258,286.13,285.32,90.17,0.0914381712365752,-1.85,Suppression,sf_algo2_at_least_one.csv,sf,0.5860382792344152,30.0,0.27073304687752386,60.0,0.38176159553732003,300.0
Flare_All,X-Class,27,Conjunction,429,266,292.62,291.76,90.9,0.1103177936441271,-1.74,Suppression,sf_algo2_at_least_one.csv,sf,0.5860382792344152,30.0,0.27073304687752386,60.0,0.38176159553732003,300.0
Flare_All,X-Class,28,Conjunction,429,271,298.87,297.94,90.68,0.1015579688406231,-1.8,Suppression,sf_algo2_at_least_one.csv,sf,0.5860382792344152,30.0,0.27073304687752386,60.0,0.38176159553732003,300.0
Flare_All,X-Class,29,Conjunction,429,279,304.83,303.89,91.53,0.1271174576508469,-1.66,Suppression,sf_algo2_at_least_one.csv,sf,0.5860382792344152,30.0,0.2824832392241042,60.0,0.38176159553732003,300.0
Flare_All,X-Class,30,Conjunction,429,282,310.59,309.6,90.8,0.1025179496410071,-1.83,Suppression,sf_algo2_at_least_one.csv,sf,0.5860382792344152,30.0,0.27073304687752386,60.0,0.38176159553732003,300.0
Flare_All,X-Class,1,Opposition,429,17,16.38,16.42,103.79,0.9519409611807764,0.15,Enhancement,sf_algo2_at_least_one.csv,sf,0.9519409611807764,30.0,0.9680755537431625,60.0,0.9615565264452286,300.0
Flare_All,X-Class,2,Opposition,429,25,32.25,32.3,77.52,0.2257554848903022,-1.3,Suppression,sf_algo2_at_least_one.csv,sf,0.28219435611287774,30.0,0.41046451798236766,60.0,0.4031347944469682,300.0
Flare_All,X-Class,3,Opposition,429,41,47.61,47.66,86.12,0.3531929361412771,-1.01,Suppression,sf_algo2_at_least_one.csv,sf,0.4238315233695325,30.0,0.5576730570651743,60.0,0.5118738204946045,300.0
Flare_All,X-Class,4,Opposition,429,58,62.48,62.51,92.83,0.5958280834383313,-0.61,Suppression,sf_algo2_at_least_one.csv,sf,0.638987220255595,30.0,0.7729845403091938,60.0,0.698892272154557,300.0
Flare_All,X-Class,5,Opposition,429,72,76.87,76.87,93.67,0.5963880722385553,-0.6,Suppression,sf_algo2_at_least_one.csv,sf,0.638987220255595,30.0,0.7729845403091938,60.0,0.698892272154557,300.0
Flare_All,X-Class,6,Opposition,429,86,90.78,90.74,94.74,0.631587368252635,-0.55,Suppression,sf_algo2_at_least_one.csv,sf,0.6533662430199672,30.0,0.7733722876562876,60.0,0.7231916430373683,300.0
Flare_All,X-Class,7,Opposition,429,96,104.2,104.14,92.13,0.4101517969640607,-0.89,Suppression,sf_algo2_at_least_one.csv,sf,0.47325207342007,30.0,0.6310027645600933,60.0,0.5592979049509919,300.0
Flare_All,X-Class,8,Opposition,429,103,117.16,117.08,87.92,0.1579968400631987,-1.46,Suppression,sf_algo2_at_least_one.csv,sf,0.20608283486504178,30.0,0.305800335606191,60.0,0.38176159553732003,300.0
Flare_All,X-Class,9,Opposition,429,109,129.72,129.58,84.03,0.0438391232175356,-2.05,Suppression,sf_algo2_at_least_one.csv,sf,0.07306520536255934,30.0,0.14613041072511868,60.0,0.38176159553732003,300.0
Flare_All,X-Class,10,Opposition,429,121,141.84,141.65,85.3,0.0527989440211195,-1.97,Suppression,sf_algo2_at_least_one.csv,sf,0.08336675371755711,30.0,0.16673350743511423,60.0,0.38176159553732003,300.0
Flare_All,X-Class,11,Opposition,429,136,153.52,153.3,88.59,0.116997660046799,-1.59,Suppression,sf_algo2_at_least_one.csv,sf,0.16713951435257,30.0,0.27073304687752386,60.0,0.38176159553732003,300.0
Flare_All,X-Class,12,Opposition,429,146,164.8,164.54,88.59,0.1051178976420471,-1.64,Suppression,sf_algo2_at_least_one.csv,sf,0.15767684646307065,30.0,0.27073304687752386,60.0,0.38176159553732003,300.0
Flare_All,X-Class,13,Opposition,429,158,175.69,175.39,89.93,0.1446771064578708,-1.49,Suppression,sf_algo2_at_least_one.csv,sf,0.197286963351642,30.0,0.305800335606191,60.0,0.38176159553732003,300.0
Flare_All,X-Class,14,Opposition,429,161,186.21,185.86,86.46,0.0409991800163996,-2.05,Suppression,sf_algo2_at_least_one.csv,sf,0.07235149414658754,30.0,0.14470298829317507,60.0,0.38176159553732003,300.0
Flare_All,X-Class,15,Opposition,429,165,196.32,195.96,84.05,0.0155196896062078,-2.47,Suppression,sf_algo2_at_least_one.csv,sf,0.0387992240155195,30.0,0.077598448031039,60.0,0.33256477727588146,300.0
Flare_All,X-Class,16,Opposition,429,172,206.08,205.7,83.46,0.0121997560048799,-2.6,Suppression,sf_algo2_at_least_one.csv,sf,0.0387992240155195,30.0,0.077598448031039,60.0,0.33256477727588146,300.0
Flare_All,X-Class,17,Opposition,429,184,215.48,215.08,85.39,0.0241595168096638,-2.33,Suppression,sf_algo2_at_least_one.csv,sf,0.046649067018659625,30.0,0.09329813403731925,60.0,0.38176159553732003,300.0
Flare_All,X-Class,18,Opposition,429,190,224.51,224.13,84.63,0.0153996920061598,-2.49,Suppression,sf_algo2_at_least_one.csv,sf,0.0387992240155195,30.0,0.077598448031039,60.0,0.33256477727588146,300.0
Flare_All,X-Class,19,Opposition,429,200,233.2,232.84,85.76,0.0248795024099518,-2.34,Suppression,sf_algo2_at_least_one.csv,sf,0.046649067018659625,30.0,0.09329813403731925,60.0,0.38176159553732003,300.0
Flare_All,X-Class,20,Opposition,429,205,241.55,241.24,84.87,0.0153596928061438,-2.52,Suppression,sf_algo2_at_least_one.csv,sf,0.0387992240155195,30.0,0.077598448031039,60.0,0.33256477727588146,300.0
Flare_All,X-Class,21,Opposition,429,210,249.67,249.34,84.11,0.0093598128037439,-2.68,Suppression,sf_algo2_at_least_one.csv,sf,0.035099298014039625,30.0,0.07019859602807925,60.0,0.3119937601247967,300.0
Flare_All,X-Class,22,Opposition,429,217,257.49,257.13,84.27,0.0085598288034239,-2.7,Suppression,sf_algo2_at_least_one.csv,sf,0.035099298014039625,30.0,0.07019859602807925,60.0,0.3119937601247967,300.0
Flare_All,X-Class,23,Opposition,429,221,265.02,264.63,83.39,0.0041599168016639,-2.9,Suppression,sf_algo2_at_least_one.csv,sf,0.035099298014039625,30.0,0.07019859602807925,60.0,0.3119937601247967,300.0
Flare_All,X-Class,24,Opposition,429,231,272.28,271.85,84.84,0.0079998400031999,-2.68,Suppression,sf_algo2_at_least_one.csv,sf,0.035099298014039625,30.0,0.07019859602807925,60.0,0.3119937601247967,300.0
Flare_All,X-Class,25,Opposition,429,237,279.25,278.8,84.87,0.0068798624027519,-2.7,Suppression,sf_algo2_at_least_one.csv,sf,0.035099298014039625,30.0,0.07019859602807925,60.0,0.3119937601247967,300.0
Flare_All,X-Class,26,Opposition,429,248,285.92,285.49,86.74,0.0177196456070878,-2.4,Suppression,sf_algo2_at_least_one.csv,sf,0.04089148986251031,30.0,0.08178297972502062,60.0,0.35439291214175594,300.0
Flare_All,X-Class,27,Opposition,429,255,292.31,291.92,87.24,0.0229195416091678,-2.34,Suppression,sf_algo2_at_least_one.csv,sf,0.046649067018659625,30.0,0.09329813403731925,60.0,0.38176159553732003,300.0
Flare_All,X-Class,28,Opposition,429,256,298.48,298.1,85.77,0.0076398472030559,-2.64,Suppression,sf_algo2_at_least_one.csv,sf,0.035099298014039625,30.0,0.07019859602807925,60.0,0.3119937601247967,300.0
Flare_All,X-Class,29,Opposition,429,261,304.43,304.04,85.73,0.0061998760024799,-2.68,Suppression,sf_algo2_at_least_one.csv,sf,0.035099298014039625,30.0,0.07019859602807925,60.0,0.3119937601247967,300.0
Flare_All,X-Class,30,Opposition,429,265,310.15,309.76,85.44,0.0035999280014399,-2.78,Suppression,sf_algo2_at_least_one.csv,sf,0.035099298014039625,30.0,0.07019859602807925,60.0,0.3119937601247967,300.0
All,Large 500-2000,1,Conjunction,18110,708,692.61,692.76,102.22,0.5679886402271954,0.59,Enhancement,sg_algo2_at_least_one.csv,sg,0.7758344833103338,5.0,0.9791404171916561,10.0,1.0,210.0
All,Large 500-2000,2,Conjunction,18110,1421,1362.84,1362.79,104.27,0.1093978120437591,1.6,Enhancement,sg_algo2_at_least_one.csv,sg,0.5469890602187956,5.0,0.9791404171916561,10.0,0.9829903401931961,210.0
All,Large 500-2000,3,Conjunction,18110,2033,2010.72,2010.7,101.11,0.620667586648267,0.51,Enhancement,sg_algo2_at_least_one.csv,sg,0.7758344833103338,5.0,0.9791404171916561,10.0,1.0,210.0
All,Large 500-2000,4,Conjunction,18110,2684,2637.37,2637.11,101.77,0.3598728025439491,0.92,Enhancement,sg_algo2_at_least_one.csv,sg,0.7758344833103338,5.0,0.9791404171916561,10.0,1.0,210.0
All,Large 500-2000,5,Conjunction,18110,3243,3243.23,3242.55,99.99,0.979140417191656,-0.0,Suppression,sg_algo2_at_least_one.csv,sg,0.9791404171916561,5.0,0.9791404171916561,10.0,1.0,210.0
All,Large 500-2000,1,Opposition,18110,686,692.35,692.33,99.08,0.8205835883282334,-0.25,Suppression,sg_algo2_at_least_one.csv,sg,0.9182216355672888,5.0,0.9791404171916561,10.0,1.0,210.0
All,Large 500-2000,2,Opposition,18110,1402,1362.0,1361.99,102.94,0.2791944161116778,1.1,Enhancement,sg_algo2_at_least_one.csv,sg,0.9182216355672888,5.0,0.9791404171916561,10.0,1.0,210.0
All,Large 500-2000,3,Opposition,18110,2031,2009.43,2009.55,101.07,0.630427391452171,0.48,Enhancement,sg_algo2_at_least_one.csv,sg,0.9182216355672888,5.0,0.9791404171916561,10.0,1.0,210.0
All,Large 500-2000,4,Opposition,18110,2652,2635.64,2635.69,100.62,0.7653046939061219,0.31,Enhancement,sg_algo2_at_least_one.csv,sg,0.9182216355672888,5.0,0.9791404171916561,10.0,1.0,210.0
All,Large 500-2000,5,Opposition,18110,3249,3241.46,3240.91,100.23,0.9182216355672886,0.13,Enhancement,sg_algo2_at_least_one.csv,sg,0.9182216355672888,5.0,0.9791404171916561,10.0,1.0,210.0
All,Medium 100-500,1,Conjunction,86883,3270,3324.69,3324.28,98.35,0.3465130697386052,-0.95,Suppression,sg_algo2_at_least_one.csv,sg,0.987500249995,5.0,0.987500249995,10.0,1.0,210.0
All,Medium 100-500,2,Conjunction,86883,6510,6540.34,6539.42,99.54,0.7221855562888743,-0.37,Suppression,sg_algo2_at_least_one.csv,sg,0.987500249995,5.0,0.987500249995,10.0,1.0,210.0
All,Medium 100-500,3,Conjunction,86883,9641,9650.16,9648.41,99.91,0.9272614547709046,-0.09,Suppression,sg_algo2_at_least_one.csv,sg,0.987500249995,5.0,0.987500249995,10.0,1.0,210.0
All,Medium 100-500,4,Conjunction,86883,12674,12656.63,12654.12,100.14,0.9008219835603288,0.15,Enhancement,sg_algo2_at_least_one.csv,sg,0.987500249995,5.0,0.987500249995,10.0,1.0,210.0
All,Medium 100-500,5,Conjunction,86883,15566,15564.82,15559.42,100.01,0.987500249995,0.01,Enhancement,sg_algo2_at_least_one.csv,sg,0.987500249995,5.0,0.987500249995,10.0,1.0,210.0
All,Medium 100-500,1,Opposition,86883,3379,3322.9,3323.26,101.69,0.3381132377352453,0.97,Enhancement,sg_algo2_at_least_one.csv,sg,0.8452830943381133,5.0,0.987500249995,10.0,1.0,210.0
All,Medium 100-500,2,Opposition,86883,6655,6537.75,6537.5,101.79,0.1563968720625587,1.43,Enhancement,sg_algo2_at_least_one.csv,sg,0.7819843603127935,5.0,0.987500249995,10.0,0.9829903401931961,210.0
All,Medium 100-500,3,Opposition,86883,9701,9646.93,9645.53,100.56,0.5983080338393232,0.54,Enhancement,sg_algo2_at_least_one.csv,sg,0.8479830403391931,5.0,0.987500249995,10.0,1.0,210.0
All,Medium 100-500,4,Opposition,86883,12705,12653.38,12650.36,100.41,0.6783864322713545,0.44,Enhancement,sg_algo2_at_least_one.csv,sg,0.8479830403391931,5.0,0.987500249995,10.0,1.0,210.0
All,Medium 100-500,5,Opposition,86883,15573,15561.95,15554.94,100.07,0.9416611667766644,0.08,Enhancement,sg_algo2_at_least_one.csv,sg,0.9416611667766646,5.0,0.987500249995,10.0,1.0,210.0
All,Small <100,1,Conjunction,151201,5805,5786.24,5786.51,100.32,0.8140237195256095,0.24,Enhancement,sg_algo2_at_least_one.csv,sg,0.8140237195256095,5.0,0.9961400771984559,10.0,1.0,210.0
All,Small <100,2,Conjunction,151201,11269,11382.29,11382.85,99.0,0.2867542649147017,-1.07,Suppression,sg_algo2_at_least_one.csv,sg,0.3584428311433771,5.0,0.6943061138777225,10.0,1.0,210.0
All,Small <100,3,Conjunction,151201,16649,16793.75,16794.36,99.14,0.2661146777064458,-1.12,Suppression,sg_algo2_at_least_one.csv,sg,0.3584428311433771,5.0,0.6943061138777225,10.0,1.0,210.0
All,Small <100,4,Conjunction,151201,21792,22025.58,22026.04,98.94,0.1297974040519189,-1.55,Suppression,sg_algo2_at_least_one.csv,sg,0.3244935101297972,5.0,0.6489870202595944,10.0,0.9829903401931961,210.0
All,Small <100,5,Conjunction,151201,26730,27086.99,27083.0,98.68,0.0428791424171516,-2.09,Suppression,sg_algo2_at_least_one.csv,sg,0.214395712085758,5.0,0.428791424171516,10.0,0.9829903401931961,210.0
All,Small <100,1,Opposition,151201,5780,5779.84,5779.49,100.0,0.996140077198456,0.0,Enhancement,sg_algo2_at_least_one.csv,sg,0.9961400771984559,5.0,0.9961400771984559,10.0,1.0,210.0
All,Small <100,2,Opposition,151201,11477,11371.8,11369.45,100.93,0.3471530569388612,0.95,Enhancement,sg_algo2_at_least_one.csv,sg,0.9961400771984559,5.0,0.6943061138777225,10.0,1.0,210.0
All,Small <100,3,Opposition,151201,16863,16780.02,16775.1,100.49,0.5715885682286355,0.57,Enhancement,sg_algo2_at_least_one.csv,sg,0.9961400771984559,5.0,0.9526476137143924,10.0,1.0,210.0
All,Small <100,4,Opposition,151201,21986,22009.93,22001.48,99.89,0.9209415811683768,-0.13,Suppression,sg_algo2_at_least_one.csv,sg,0.9961400771984559,5.0,0.9961400771984559,10.0,1.0,210.0
All,Small <100,5,Opposition,151201,27066,27070.48,27053.57,99.98,0.994140117197656,-0.02,Suppression,sg_algo2_at_least_one.csv,sg,0.9961400771984559,5.0,0.9961400771984559,10.0,1.0,210.0
All,Total,1,Conjunction,256824,9806,9827.66,9827.65,99.78,0.8401431971360572,-0.21,Suppression,sg_algo2_at_least_one.csv,sg,0.8401431971360573,5.0,0.9898913132848455,10.0,1.0,210.0
All,Total,2,Conjunction,256824,19249,19332.9,19332.47,99.57,0.5664286714265715,-0.57,Suppression,sg_algo2_at_least_one.csv,sg,0.7080358392832143,5.0,0.9398097752330667,10.0,1.0,210.0
All,Total,3,Conjunction,256824,28400,28524.65,28523.43,99.56,0.494630107397852,-0.66,Suppression,sg_algo2_at_least_one.csv,sg,0.7080358392832143,5.0,0.9398097752330667,10.0,1.0,210.0
All,Total,4,Conjunction,256824,37244,37411.47,37409.02,99.55,0.4293914121717566,-0.75,Suppression,sg_algo2_at_least_one.csv,sg,0.7080358392832143,5.0,0.9398097752330667,10.0,1.0,210.0
All,Total,5,Conjunction,256824,45658,46008.02,45997.8,99.24,0.1961560768784624,-1.33,Suppression,sg_algo2_at_least_one.csv,sg,0.7080358392832143,5.0,0.9398097752330667,10.0,1.0,210.0
All,Total,1,Opposition,256824,9864,9819.21,9819.19,100.46,0.6578668426631468,0.44,Enhancement,sg_algo2_at_least_one.csv,sg,0.993740125197496,5.0,0.9398097752330667,10.0,1.0,210.0
All,Total,2,Opposition,256824,19579,19318.97,19316.36,101.35,0.0989580208395832,1.67,Enhancement,sg_algo2_at_least_one.csv,sg,0.494790104197916,5.0,0.9398097752330667,10.0,0.9829903401931961,210.0
All,Total,3,Opposition,256824,28659,28506.33,28500.15,100.54,0.4718305633887322,0.72,Enhancement,sg_algo2_at_least_one.csv,sg,0.993740125197496,5.0,0.9398097752330667,10.0,1.0,210.0
All,Total,4,Opposition,256824,37425,37390.64,37379.28,100.09,0.8909021819563608,0.13,Enhancement,sg_algo2_at_least_one.csv,sg,0.993740125197496,5.0,0.9898913132848455,10.0,1.0,210.0
All,Total,5,Opposition,256824,45980,45986.67,45962.24,99.99,0.993740125197496,-0.02,Suppression,sg_algo2_at_least_one.csv,sg,0.993740125197496,5.0,0.993740125197496,10.0,1.0,210.0
All,XLarge >2000,1,Conjunction,630,23,24.12,24.1,95.34,0.9154616907661848,-0.23,Suppression,sg_algo2_at_least_one.csv,sg,0.9154616907661847,5.0,0.9154616907661847,10.0,1.0,210.0
All,XLarge >2000,2,Conjunction,630,49,47.44,47.41,103.3,0.8536229275414492,0.25,Enhancement,sg_algo2_at_least_one.csv,sg,0.9154616907661847,5.0,0.9154616907661847,10.0,1.0,210.0
All,XLarge >2000,3,Conjunction,630,77,70.02,69.96,109.97,0.364352712945741,0.98,Enhancement,sg_algo2_at_least_one.csv,sg,0.9154616907661847,5.0,0.8659160150130331,10.0,1.0,210.0
All,XLarge >2000,4,Conjunction,630,94,91.88,91.75,102.31,0.8313433731325374,0.27,Enhancement,sg_algo2_at_least_one.csv,sg,0.9154616907661847,5.0,0.9154616907661847,10.0,1.0,210.0
All,XLarge >2000,5,Conjunction,630,119,112.99,112.82,105.32,0.5195496090078199,0.71,Enhancement,sg_algo2_at_least_one.csv,sg,0.9154616907661847,5.0,0.8659160150130331,10.0,1.0,210.0
All,XLarge >2000,1,Opposition,630,19,24.12,24.11,78.78,0.3485530289394212,-1.05,Suppression,sg_algo2_at_least_one.csv,sg,0.5809217148990353,5.0,0.8659160150130331,10.0,1.0,210.0
All,XLarge >2000,2,Opposition,630,45,47.42,47.43,94.89,0.7777044459110818,-0.37,Suppression,sg_algo2_at_least_one.csv,sg,0.7777044459110818,5.0,0.9154616907661847,10.0,1.0,210.0
All,XLarge >2000,3,Opposition,630,64,69.95,69.97,91.49,0.4791904161916762,-0.78,Suppression,sg_algo2_at_least_one.csv,sg,0.5989880202395952,5.0,0.8659160150130331,10.0,1.0,210.0
All,XLarge >2000,4,Opposition,630,82,91.71,91.75,89.42,0.2828343433131337,-1.14,Suppression,sg_algo2_at_least_one.csv,sg,0.5809217148990353,5.0,0.8659160150130331,10.0,1.0,210.0
All,XLarge >2000,5,Opposition,630,92,112.77,112.81,81.58,0.0241195176096478,-2.28,Suppression,sg_algo2_at_least_one.csv,sg,0.120597588048239,5.0,0.241195176096478,10.0,0.9829903401931961,210.0
Daily,Large 500-2000,1,Conjunction,4,0,0.15,0.15,0.0,1.0,-0.4,Suppression,sg_algo2_at_least_one.csv,sg,1.0,5.0,1.0,10.0,1.0,210.0
Daily,Large 500-2000,2,Conjunction,4,0,0.3,0.3,0.0,1.0,-0.58,Suppression,sg_algo2_at_least_one.csv,sg,1.0,5.0,1.0,10.0,1.0,210.0
Daily,Large 500-2000,3,Conjunction,4,0,0.44,0.44,0.0,1.0,-0.72,Suppression,sg_algo2_at_least_one.csv,sg,1.0,5.0,1.0,10.0,1.0,210.0
Daily,Large 500-2000,4,Conjunction,4,0,0.57,0.57,0.0,1.0,-0.83,Suppression,sg_algo2_at_least_one.csv,sg,1.0,5.0,1.0,10.0,1.0,210.0
Daily,Large 500-2000,5,Conjunction,4,1,0.71,0.7,141.75,1.0,0.39,Enhancement,sg_algo2_at_least_one.csv,sg,1.0,5.0,1.0,10.0,1.0,210.0
Daily,Large 500-2000,1,Opposition,4,0,0.15,0.16,0.0,1.0,-0.4,Suppression,sg_algo2_at_least_one.csv,sg,1.0,5.0,1.0,10.0,1.0,210.0
Daily,Large 500-2000,2,Opposition,4,0,0.3,0.31,0.0,1.0,-0.58,Suppression,sg_algo2_at_least_one.csv,sg,1.0,5.0,1.0,10.0,1.0,210.0
Daily,Large 500-2000,3,Opposition,4,0,0.44,0.45,0.0,1.0,-0.71,Suppression,sg_algo2_at_least_one.csv,sg,1.0,5.0,1.0,10.0,1.0,210.0
Daily,Large 500-2000,4,Opposition,4,0,0.58,0.59,0.0,1.0,-0.83,Suppression,sg_algo2_at_least_one.csv,sg,1.0,5.0,1.0,10.0,1.0,210.0
Daily,Large 500-2000,5,Opposition,4,0,0.71,0.73,0.0,0.9085418291634167,-0.94,Suppression,sg_algo2_at_least_one.csv,sg,1.0,5.0,1.0,10.0,1.0,210.0
Daily,Medium 100-500,1,Conjunction,29,1,1.13,1.13,88.77,1.0,-0.12,Suppression,sg_algo2_at_least_one.csv,sg,1.0,5.0,1.0,10.0,1.0,210.0
Daily,Medium 100-500,2,Conjunction,29,1,2.21,2.22,45.16,0.6974660506789864,-0.83,Suppression,sg_algo2_at_least_one.csv,sg,1.0,5.0,1.0,10.0,1.0,210.0
Daily,Medium 100-500,3,Conjunction,29,3,3.27,3.27,91.78,1.0,-0.15,Suppression,sg_algo2_at_least_one.csv,sg,1.0,5.0,1.0,10.0,1.0,210.0
Daily,Medium 100-500,4,Conjunction,29,3,4.29,4.28,69.95,0.7265054698906022,-0.66,Suppression,sg_algo2_at_least_one.csv,sg,1.0,5.0,1.0,10.0,1.0,210.0
Daily,Medium 100-500,5,Conjunction,29,6,5.27,5.27,113.95,0.875622487550249,0.35,Enhancement,sg_algo2_at_least_one.csv,sg,1.0,5.0,1.0,10.0,1.0,210.0
Daily,Medium 100-500,1,Opposition,29,0,1.1,1.1,0.0,0.6551468970620588,-1.06,Suppression,sg_algo2_at_least_one.csv,sg,0.9400811983760325,5.0,1.0,10.0,1.0,210.0
Daily,Medium 100-500,2,Opposition,29,1,2.17,2.16,46.11,0.6968260634787304,-0.84,Suppression,sg_algo2_at_least_one.csv,sg,0.9400811983760325,5.0,1.0,10.0,1.0,210.0
Daily,Medium 100-500,3,Opposition,29,2,3.2,3.18,62.53,0.7277854442911141,-0.73,Suppression,sg_algo2_at_least_one.csv,sg,0.9400811983760325,5.0,1.0,10.0,1.0,210.0
Daily,Medium 100-500,4,Opposition,29,3,4.2,4.17,71.43,0.752064958700826,-0.65,Suppression,sg_algo2_at_least_one.csv,sg,0.9400811983760325,5.0,1.0,10.0,1.0,210.0
Daily,Medium 100-500,5,Opposition,29,5,5.18,5.12,96.58,1.0,-0.09,Suppression,sg_algo2_at_least_one.csv,sg,1.0,5.0,1.0,10.0,1.0,210.0
Daily,Small <100,1,Conjunction,8268,349,316.86,316.77,110.14,0.0659986800263994,1.87,Enhancement,sg_algo2_at_least_one.csv,sg,0.329993400131997,5.0,0.1319973600527988,10.0,0.9829903401931961,210.0
Daily,Small <100,2,Conjunction,8268,636,623.13,623.15,102.07,0.5976280474390512,0.54,Enhancement,sg_algo2_at_least_one.csv,sg,0.8315833683326334,5.0,0.747035059298814,10.0,1.0,210.0
Daily,Small <100,3,Conjunction,8268,926,919.34,919.38,100.72,0.8209435811283774,0.23,Enhancement,sg_algo2_at_least_one.csv,sg,0.8315833683326334,5.0,0.8315833683326334,10.0,1.0,210.0
Daily,Small <100,4,Conjunction,8268,1231,1205.79,1205.77,102.09,0.4383112337753245,0.79,Enhancement,sg_algo2_at_least_one.csv,sg,0.8315833683326334,5.0,0.6261589053933206,10.0,1.0,210.0
Daily,Small <100,5,Conjunction,8268,1475,1482.97,1482.59,99.46,0.8315833683326334,-0.23,Suppression,sg_algo2_at_least_one.csv,sg,0.8315833683326334,5.0,0.8315833683326334,10.0,1.0,210.0
Daily,Small <100,1,Opposition,8268,332,315.74,315.83,105.15,0.365032699346013,0.94,Enhancement,sg_algo2_at_least_one.csv,sg,0.365032699346013,5.0,0.608387832243355,10.0,1.0,210.0
Daily,Small <100,2,Opposition,8268,675,621.43,621.3,108.62,0.0265994680106397,2.22,Enhancement,sg_algo2_at_least_one.csv,sg,0.06429871402571938,5.0,0.12859742805143876,10.0,0.9829903401931961,210.0
Daily,Small <100,3,Opposition,8268,974,917.11,916.71,106.2,0.0514389712205755,1.92,Enhancement,sg_algo2_at_least_one.csv,sg,0.06429871402571938,5.0,0.12859742805143876,10.0,0.9829903401931961,210.0
Daily,Small <100,4,Opposition,8268,1270,1202.85,1202.34,105.58,0.0442791144177116,1.98,Enhancement,sg_algo2_at_least_one.csv,sg,0.06429871402571938,5.0,0.12859742805143876,10.0,0.9829903401931961,210.0
Daily,Small <100,5,Opposition,8268,1555,1479.61,1478.46,105.1,0.0434791304173916,1.98,Enhancement,sg_algo2_at_least_one.csv,sg,0.06429871402571938,5.0,0.12859742805143876,10.0,0.9829903401931961,210.0
Daily,Total,1,Conjunction,8301,350,318.13,318.05,110.02,0.0687986240275194,1.85,Enhancement,sg_algo2_at_least_one.csv,sg,0.34399312013759703,5.0,0.1375972480550388,10.0,0.9829903401931961,210.0
Daily,Total,2,Conjunction,8301,637,625.64,625.66,101.82,0.6424671506569869,0.48,Enhancement,sg_algo2_at_least_one.csv,sg,0.8570228595428091,5.0,0.8030839383212336,10.0,1.0,210.0
Daily,Total,3,Conjunction,8301,929,923.05,923.08,100.64,0.8383032339353212,0.21,Enhancement,sg_algo2_at_least_one.csv,sg,0.8570228595428091,5.0,0.8570228595428091,10.0,1.0,210.0
Daily,Total,4,Conjunction,8301,1234,1210.66,1210.62,101.93,0.4742705145897082,0.73,Enhancement,sg_algo2_at_least_one.csv,sg,0.8570228595428091,5.0,0.6775293065567259,10.0,1.0,210.0
Daily,Total,5,Conjunction,8301,1482,1488.94,1488.56,99.53,0.8570228595428091,-0.2,Suppression,sg_algo2_at_least_one.csv,sg,0.8570228595428091,5.0,0.8570228595428091,10.0,1.0,210.0
Daily,Total,1,Opposition,8301,332,317.0,317.08,104.73,0.4044719105617887,0.87,Enhancement,sg_algo2_at_least_one.csv,sg,0.40447191056178877,5.0,0.6741198509363145,10.0,1.0,210.0
Daily,Total,2,Opposition,8301,676,623.9,623.76,108.35,0.0314393712125757,2.16,Enhancement,sg_algo2_at_least_one.csv,sg,0.07319853602927938,5.0,0.1375972480550388,10.0,0.9829903401931961,210.0
Daily,Total,3,Opposition,8301,976,920.75,920.34,106.0,0.0585588288234235,1.87,Enhancement,sg_algo2_at_least_one.csv,sg,0.07319853602927938,5.0,0.1375972480550388,10.0,0.9829903401931961,210.0
Daily,Total,4,Opposition,8301,1273,1207.63,1207.1,105.41,0.0517189656206875,1.92,Enhancement,sg_algo2_at_least_one.csv,sg,0.07319853602927938,5.0,0.1375972480550388,10.0,0.9829903401931961,210.0
Daily,Total,5,Opposition,8301,1560,1485.5,1484.31,105.02,0.0466390672186556,1.95,Enhancement,sg_algo2_at_least_one.csv,sg,0.07319853602927938,5.0,0.1375972480550388,10.0,0.9829903401931961,210.0
Dissipation,Large 500-2000,1,Conjunction,11,0,0.42,0.42,0.0,1.0,-0.67,Suppression,sg_algo2_at_least_one.csv,sg,1.0,5.0,1.0,10.0,1.0,210.0
Dissipation,Large 500-2000,2,Conjunction,11,0,0.83,0.83,0.0,0.8349833003339934,-0.96,Suppression,sg_algo2_at_least_one.csv,sg,1.0,5.0,1.0,10.0,1.0,210.0
Dissipation,Large 500-2000,3,Conjunction,11,0,1.23,1.22,0.0,0.5495490090198196,-1.17,Suppression,sg_algo2_at_least_one.csv,sg,1.0,5.0,1.0,10.0,1.0,210.0
Dissipation,Large 500-2000,4,Conjunction,11,0,1.6,1.6,0.0,0.3667926641467171,-1.34,Suppression,sg_algo2_at_least_one.csv,sg,1.0,5.0,1.0,10.0,1.0,210.0
Dissipation,Large 500-2000,5,Conjunction,11,1,1.97,1.97,50.82,0.7979440411191776,-0.74,Suppression,sg_algo2_at_least_one.csv,sg,1.0,5.0,1.0,10.0,1.0,210.0
Dissipation,Large 500-2000,1,Opposition,11,0,0.42,0.42,0.0,1.0,-0.66,Suppression,sg_algo2_at_least_one.csv,sg,1.0,5.0,1.0,10.0,1.0,210.0
Dissipation,Large 500-2000,2,Opposition,11,0,0.82,0.83,0.0,0.8392632147357053,-0.95,Suppression,sg_algo2_at_least_one.csv,sg,1.0,5.0,1.0,10.0,1.0,210.0
Dissipation,Large 500-2000,3,Opposition,11,0,1.22,1.22,0.0,0.5449091018179636,-1.17,Suppression,sg_algo2_at_least_one.csv,sg,0.9081818363632727,5.0,1.0,10.0,1.0,210.0
Dissipation,Large 500-2000,4,Opposition,11,0,1.59,1.6,0.0,0.368232635347293,-1.35,Suppression,sg_algo2_at_least_one.csv,sg,0.9081818363632727,5.0,1.0,10.0,1.0,210.0
Dissipation,Large 500-2000,5,Opposition,11,0,1.96,1.97,0.0,0.238235235295294,-1.52,Suppression,sg_algo2_at_least_one.csv,sg,0.9081818363632727,5.0,1.0,10.0,1.0,210.0
Dissipation,Medium 100-500,1,Conjunction,318,6,12.13,12.13,49.45,0.0755184896302074,-1.82,Suppression,sg_algo2_at_least_one.csv,sg,0.1887962240755185,5.0,0.20449591008179824,10.0,0.9829903401931961,210.0
Dissipation,Medium 100-500,2,Conjunction,318,17,23.88,23.88,71.2,0.1715965680686386,-1.47,Suppression,sg_algo2_at_least_one.csv,sg,0.2856942861142776,5.0,0.24513795438376945,10.0,0.9829903401931961,210.0
Dissipation,Medium 100-500,3,Conjunction,318,31,35.24,35.23,87.98,0.5156296874062519,-0.75,Suppression,sg_algo2_at_least_one.csv,sg,0.5156296874062519,5.0,0.5729218748958355,10.0,1.0,210.0
Dissipation,Medium 100-500,4,Conjunction,318,33,46.27,46.22,71.32,0.0419191616167676,-2.08,Suppression,sg_algo2_at_least_one.csv,sg,0.1887962240755185,5.0,0.20449591008179824,10.0,0.9829903401931961,210.0
Dissipation,Medium 100-500,5,Conjunction,318,48,56.9,56.84,84.35,0.2285554288914221,-1.27,Suppression,sg_algo2_at_least_one.csv,sg,0.2856942861142776,5.0,0.2856942861142776,10.0,1.0,210.0
Dissipation,Medium 100-500,1,Opposition,318,10,12.13,12.14,82.43,0.6620667586648267,-0.62,Suppression,sg_algo2_at_least_one.csv,sg,0.6620667586648267,5.0,0.6620667586648267,10.0,1.0,210.0
Dissipation,Medium 100-500,2,Opposition,318,17,23.87,23.87,71.21,0.1694766104677906,-1.45,Suppression,sg_algo2_at_least_one.csv,sg,0.21184576308473826,5.0,0.24513795438376945,10.0,0.9829903401931961,210.0
Dissipation,Medium 100-500,3,Opposition,318,26,35.21,35.22,73.84,0.121317573648527,-1.61,Suppression,sg_algo2_at_least_one.csv,sg,0.20219595608087834,5.0,0.242635147297054,10.0,0.9829903401931961,210.0
Dissipation,Medium 100-500,4,Opposition,318,33,46.19,46.19,71.45,0.0439991200175996,-2.04,Suppression,sg_algo2_at_least_one.csv,sg,0.20219595608087834,5.0,0.20449591008179824,10.0,0.9829903401931961,210.0
Dissipation,Medium 100-500,5,Opposition,318,44,56.78,56.8,77.5,0.0817983640327193,-1.81,Suppression,sg_algo2_at_least_one.csv,sg,0.20219595608087834,5.0,0.20449591008179824,10.0,0.9829903401931961,210.0
Dissipation,Small <100,1,Conjunction,27541,1088,1054.17,1054.24,103.21,0.3169936601267974,1.01,Enhancement,sg_algo2_at_least_one.csv,sg,0.9044619107617848,5.0,0.9044619107617848,10.0,1.0,210.0
Dissipation,Small <100,2,Conjunction,27541,2058,2073.58,2073.85,99.25,0.739745205095898,-0.34,Suppression,sg_algo2_at_least_one.csv,sg,0.9044619107617848,5.0,0.9044619107617848,10.0,1.0,210.0
Dissipation,Small <100,3,Conjunction,27541,3039,3059.6,3059.8,99.33,0.7170256594868103,-0.37,Suppression,sg_algo2_at_least_one.csv,sg,0.9044619107617848,5.0,0.9044619107617848,10.0,1.0,210.0
Dissipation,Small <100,4,Conjunction,27541,4005,4013.04,4012.98,99.8,0.9044619107617848,-0.13,Suppression,sg_algo2_at_least_one.csv,sg,0.9044619107617848,5.0,0.9044619107617848,10.0,1.0,210.0
Dissipation,Small <100,5,Conjunction,27541,4898,4935.46,4934.32,99.24,0.5903881922361552,-0.54,Suppression,sg_algo2_at_least_one.csv,sg,0.9044619107617848,5.0,0.9044619107617848,10.0,1.0,210.0
Dissipation,Small <100,1,Opposition,27541,1047,1052.58,1052.7,99.47,0.880062398752025,-0.17,Suppression,sg_algo2_at_least_one.csv,sg,0.8800623987520251,5.0,0.9044619107617848,10.0,1.0,210.0
Dissipation,Small <100,2,Opposition,27541,2126,2071.08,2070.87,102.65,0.2545949081018379,1.16,Enhancement,sg_algo2_at_least_one.csv,sg,0.6682533016006347,5.0,0.9044619107617848,10.0,1.0,210.0
Dissipation,Small <100,3,Opposition,27541,3106,3056.26,3055.45,101.63,0.4009519809603808,0.86,Enhancement,sg_algo2_at_least_one.csv,sg,0.6682533016006347,5.0,0.9044619107617848,10.0,1.0,210.0
Dissipation,Small <100,4,Opposition,27541,4082,4008.8,4007.31,101.83,0.2927141457170856,1.08,Enhancement,sg_algo2_at_least_one.csv,sg,0.6682533016006347,5.0,0.9044619107617848,10.0,1.0,210.0
Dissipation,Small <100,5,Opposition,27541,4974,4930.75,4927.42,100.88,0.5942681146377072,0.56,Enhancement,sg_algo2_at_least_one.csv,sg,0.7428351432971341,5.0,0.9044619107617848,10.0,1.0,210.0
Dissipation,Total,1,Conjunction,27870,1094,1066.72,1066.79,102.56,0.4243115137697246,0.82,Enhancement,sg_algo2_at_least_one.csv,sg,0.7244255114897702,5.0,0.8051838963220734,10.0,1.0,210.0
Dissipation,Total,2,Conjunction,27870,2075,2098.29,2098.56,98.89,0.6197076058478831,-0.5,Suppression,sg_algo2_at_least_one.csv,sg,0.7244255114897702,5.0,0.8051838963220734,10.0,1.0,210.0
Dissipation,Total,3,Conjunction,27870,3070,3096.06,3096.26,99.16,0.6439471210575789,-0.47,Suppression,sg_algo2_at_least_one.csv,sg,0.7244255114897702,5.0,0.8051838963220734,10.0,1.0,210.0
Dissipation,Total,4,Conjunction,27870,4038,4060.91,4060.8,99.44,0.7244255114897702,-0.36,Suppression,sg_algo2_at_least_one.csv,sg,0.7244255114897702,5.0,0.8051838963220734,10.0,1.0,210.0
Dissipation,Total,5,Conjunction,27870,4947,4994.33,4993.12,99.05,0.497510049799004,-0.69,Suppression,sg_algo2_at_least_one.csv,sg,0.7244255114897702,5.0,0.8051838963220734,10.0,1.0,210.0
Dissipation,Total,1,Opposition,27870,1057,1065.13,1065.25,99.24,0.8191836163276734,-0.24,Suppression,sg_algo2_at_least_one.csv,sg,0.8191836163276734,5.0,0.8191836163276734,10.0,1.0,210.0
Dissipation,Total,2,Opposition,27870,2143,2095.78,2095.57,102.25,0.3290734185316293,1.0,Enhancement,sg_algo2_at_least_one.csv,sg,0.8191836163276734,5.0,0.8051838963220734,10.0,1.0,210.0
Dissipation,Total,3,Opposition,27870,3132,3092.69,3091.88,101.27,0.5043499130017399,0.68,Enhancement,sg_algo2_at_least_one.csv,sg,0.8191836163276734,5.0,0.8051838963220734,10.0,1.0,210.0
Dissipation,Total,4,Opposition,27870,4115,4056.58,4055.1,101.44,0.4060718785624287,0.86,Enhancement,sg_algo2_at_least_one.csv,sg,0.8191836163276734,5.0,0.8051838963220734,10.0,1.0,210.0
Dissipation,Total,5,Opposition,27870,5018,4989.48,4986.19,100.57,0.7246655066898662,0.37,Enhancement,sg_algo2_at_least_one.csv,sg,0.8191836163276734,5.0,0.8051838963220734,10.0,1.0,210.0
Duration,Large 500-2000,1,Conjunction,106,4,4.05,4.05,98.74,1.0,-0.03,Suppression,sg_algo2_at_least_one.csv,sg,1.0,5.0,1.0,10.0,1.0,210.0
Duration,Large 500-2000,2,Conjunction,106,9,7.97,7.97,112.97,0.8124637507249854,0.39,Enhancement,sg_algo2_at_least_one.csv,sg,1.0,5.0,1.0,10.0,1.0,210.0
Duration,Large 500-2000,3,Conjunction,106,11,11.74,11.77,93.67,0.9657006859862802,-0.24,Suppression,sg_algo2_at_least_one.csv,sg,1.0,5.0,1.0,10.0,1.0,210.0
Duration,Large 500-2000,4,Conjunction,106,15,15.41,15.44,97.36,1.0,-0.12,Suppression,sg_algo2_at_least_one.csv,sg,1.0,5.0,1.0,10.0,1.0,210.0
Duration,Large 500-2000,5,Conjunction,106,22,18.94,18.99,116.16,0.4731505369892602,0.84,Enhancement,sg_algo2_at_least_one.csv,sg,1.0,5.0,1.0,10.0,1.0,210.0
Duration,Large 500-2000,1,Opposition,106,1,4.03,4.04,24.79,0.1666366672666546,-1.56,Suppression,sg_algo2_at_least_one.csv,sg,0.7124524176183141,5.0,1.0,10.0,0.9829903401931961,210.0
Duration,Large 500-2000,2,Opposition,106,6,7.93,7.95,75.7,0.624147517049659,-0.71,Suppression,sg_algo2_at_least_one.csv,sg,0.7801843963120737,5.0,1.0,10.0,1.0,210.0
Duration,Large 500-2000,3,Opposition,106,8,11.7,11.73,68.35,0.3129937401251975,-1.16,Suppression,sg_algo2_at_least_one.csv,sg,0.7124524176183141,5.0,1.0,10.0,1.0,210.0
Duration,Large 500-2000,4,Opposition,106,12,15.37,15.38,78.1,0.4274714505709885,-0.94,Suppression,sg_algo2_at_least_one.csv,sg,0.7124524176183141,5.0,1.0,10.0,1.0,210.0
Duration,Large 500-2000,5,Opposition,106,19,18.89,18.91,100.59,1.0,0.03,Enhancement,sg_algo2_at_least_one.csv,sg,1.0,5.0,1.0,10.0,1.0,210.0
Duration,Medium 100-500,1,Conjunction,5813,226,222.47,222.4,101.59,0.8305033899322014,0.24,Enhancement,sg_algo2_at_least_one.csv,sg,0.8496630067398652,5.0,1.0,10.0,1.0,210.0
Duration,Medium 100-500,2,Conjunction,5813,443,437.68,437.5,101.22,0.8083038339233215,0.26,Enhancement,sg_algo2_at_least_one.csv,sg,0.8496630067398652,5.0,1.0,10.0,1.0,210.0
Duration,Medium 100-500,3,Conjunction,5813,651,645.79,645.5,100.81,0.8496630067398652,0.22,Enhancement,sg_algo2_at_least_one.csv,sg,0.8496630067398652,5.0,1.0,10.0,1.0,210.0
Duration,Medium 100-500,4,Conjunction,5813,837,847.2,846.6,98.8,0.7126257474850503,-0.37,Suppression,sg_algo2_at_least_one.csv,sg,0.8496630067398652,5.0,1.0,10.0,1.0,210.0
Duration,Medium 100-500,5,Conjunction,5813,1028,1041.86,1040.98,98.67,0.6541469170616587,-0.46,Suppression,sg_algo2_at_least_one.csv,sg,0.8496630067398652,5.0,1.0,10.0,1.0,210.0
Duration,Medium 100-500,1,Opposition,5813,229,222.44,222.58,102.95,0.6642267154656907,0.45,Enhancement,sg_algo2_at_least_one.csv,sg,1.0,5.0,1.0,10.0,1.0,210.0
Duration,Medium 100-500,2,Opposition,5813,437,437.76,437.85,99.83,1.0,-0.04,Suppression,sg_algo2_at_least_one.csv,sg,1.0,5.0,1.0,10.0,1.0,210.0
Duration,Medium 100-500,3,Opposition,5813,635,646.0,645.99,98.3,0.6721865562688746,-0.46,Suppression,sg_algo2_at_least_one.csv,sg,1.0,5.0,1.0,10.0,1.0,210.0
Duration,Medium 100-500,4,Opposition,5813,849,847.36,847.22,100.19,0.9618607627847444,0.06,Enhancement,sg_algo2_at_least_one.csv,sg,1.0,5.0,1.0,10.0,1.0,210.0
Duration,Medium 100-500,5,Opposition,5813,1066,1041.94,1041.69,102.31,0.4181516369672606,0.82,Enhancement,sg_algo2_at_least_one.csv,sg,1.0,5.0,1.0,10.0,1.0,210.0
Duration,Small <100,1,Conjunction,69759,2688,2669.57,2669.53,100.69,0.7307453850922981,0.35,Enhancement,sg_algo2_at_least_one.csv,sg,0.7307453850922981,5.0,0.7955440891182176,10.0,1.0,210.0
Duration,Small <100,2,Conjunction,69759,5131,5251.43,5251.4,97.71,0.0983180336393272,-1.66,Suppression,sg_algo2_at_least_one.csv,sg,0.2734445311093777,5.0,0.32279354412911737,10.0,0.9829903401931961,210.0
Duration,Small <100,3,Conjunction,69759,7640,7748.06,7747.99,98.61,0.2187556248875022,-1.23,Suppression,sg_algo2_at_least_one.csv,sg,0.2734445311093777,5.0,0.32279354412911737,10.0,1.0,210.0
Duration,Small <100,4,Conjunction,69759,10021,10162.21,10161.64,98.61,0.1552368952620947,-1.42,Suppression,sg_algo2_at_least_one.csv,sg,0.2734445311093777,5.0,0.32279354412911737,10.0,0.9829903401931961,210.0
Duration,Small <100,5,Conjunction,69759,12351,12497.54,12494.79,98.83,0.1872362552748945,-1.32,Suppression,sg_algo2_at_least_one.csv,sg,0.2734445311093777,5.0,0.32279354412911737,10.0,0.9829903401931961,210.0
Duration,Small <100,1,Opposition,69759,2680,2666.44,2666.44,100.51,0.7955440891182176,0.26,Enhancement,sg_algo2_at_least_one.csv,sg,0.7955440891182176,5.0,0.7955440891182176,10.0,1.0,210.0
Duration,Small <100,2,Opposition,69759,5356,5246.33,5245.45,102.09,0.1335173296534069,1.51,Enhancement,sg_algo2_at_least_one.csv,sg,0.37659246815063696,5.0,0.32279354412911737,10.0,0.9829903401931961,210.0
Duration,Small <100,3,Opposition,69759,7836,7741.23,7739.37,101.22,0.3035539289214216,1.05,Enhancement,sg_algo2_at_least_one.csv,sg,0.37944241115177696,5.0,0.37944241115177696,10.0,1.0,210.0
Duration,Small <100,4,Opposition,69759,10292,10153.78,10150.55,101.36,0.2045559088818223,1.3,Enhancement,sg_algo2_at_least_one.csv,sg,0.37659246815063696,5.0,0.32279354412911737,10.0,1.0,210.0
Duration,Small <100,5,Opposition,69759,12641,12488.62,12481.35,101.22,0.2259554808903822,1.23,Enhancement,sg_algo2_at_least_one.csv,sg,0.37659246815063696,5.0,0.32279354412911737,10.0,1.0,210.0
Duration,Total,1,Conjunction,75678,2918,2896.09,2895.98,100.76,0.6989060218795624,0.4,Enhancement,sg_algo2_at_least_one.csv,sg,0.6989060218795624,5.0,0.754264914701706,10.0,1.0,210.0
Duration,Total,2,Conjunction,75678,5583,5697.08,5696.87,98.0,0.1369972600547989,-1.49,Suppression,sg_algo2_at_least_one.csv,sg,0.3042605814550375,5.0,0.365112697746045,10.0,0.9829903401931961,210.0
Duration,Total,3,Conjunction,75678,8302,8405.59,8405.26,98.77,0.2585948281034379,-1.12,Suppression,sg_algo2_at_least_one.csv,sg,0.3232435351292974,5.0,0.3694211830049113,10.0,1.0,210.0
Duration,Total,4,Conjunction,75678,10873,11024.81,11023.69,98.62,0.1508769824603508,-1.44,Suppression,sg_algo2_at_least_one.csv,sg,0.3042605814550375,5.0,0.365112697746045,10.0,0.9829903401931961,210.0
Duration,Total,5,Conjunction,75678,13401,13558.34,13554.76,98.84,0.1825563488730225,-1.33,Suppression,sg_algo2_at_least_one.csv,sg,0.3042605814550375,5.0,0.365112697746045,10.0,0.9829903401931961,210.0
Duration,Total,1,Opposition,75678,2910,2892.92,2893.06,100.59,0.754264914701706,0.32,Enhancement,sg_algo2_at_least_one.csv,sg,0.754264914701706,5.0,0.754264914701706,10.0,1.0,210.0
Duration,Total,2,Opposition,75678,5799,5692.01,5691.24,101.88,0.1539969200615987,1.44,Enhancement,sg_algo2_at_least_one.csv,sg,0.37012593081471695,5.0,0.365112697746045,10.0,0.9829903401931961,210.0
Duration,Total,3,Opposition,75678,8479,8398.94,8397.09,100.95,0.3999120017599648,0.86,Enhancement,sg_algo2_at_least_one.csv,sg,0.49989000219995594,5.0,0.49989000219995594,10.0,1.0,210.0
Duration,Total,4,Opposition,75678,11153,11016.5,11013.15,101.24,0.2220755584888302,1.24,Enhancement,sg_algo2_at_least_one.csv,sg,0.37012593081471695,5.0,0.3694211830049113,10.0,1.0,210.0
Duration,Total,5,Opposition,75678,13726,13549.46,13541.95,101.3,0.1715965680686386,1.38,Enhancement,sg_algo2_at_least_one.csv,sg,0.37012593081471695,5.0,0.365112697746045,10.0,0.9829903401931961,210.0
Onset,Large 500-2000,1,Conjunction,53,2,2.02,2.02,99.22,1.0,-0.01,Suppression,sg_algo2_at_least_one.csv,sg,1.0,5.0,1.0,10.0,1.0,210.0
Onset,Large 500-2000,2,Conjunction,53,6,3.98,3.97,150.87,0.4166716665666686,1.05,Enhancement,sg_algo2_at_least_one.csv,sg,1.0,5.0,0.8333433331333373,10.0,1.0,210.0
Onset,Large 500-2000,3,Conjunction,53,7,5.87,5.86,119.17,0.7529449411011779,0.48,Enhancement,sg_algo2_at_least_one.csv,sg,1.0,5.0,0.9411811763764724,10.0,1.0,210.0
Onset,Large 500-2000,4,Conjunction,53,9,7.71,7.69,116.72,0.7381052378952421,0.49,Enhancement,sg_algo2_at_least_one.csv,sg,1.0,5.0,0.9411811763764724,10.0,1.0,210.0
Onset,Large 500-2000,5,Conjunction,53,10,9.48,9.45,105.47,0.9703005939881202,0.18,Enhancement,sg_algo2_at_least_one.csv,sg,1.0,5.0,1.0,10.0,1.0,210.0
Onset,Large 500-2000,1,Opposition,53,0,2.03,2.03,0.0,0.249195016099678,-1.45,Suppression,sg_algo2_at_least_one.csv,sg,0.369292614147717,5.0,0.738585228295434,10.0,1.0,210.0
Onset,Large 500-2000,2,Opposition,53,1,3.98,3.98,25.13,0.1636767264654706,-1.57,Suppression,sg_algo2_at_least_one.csv,sg,0.369292614147717,5.0,0.738585228295434,10.0,0.9829903401931961,210.0
Onset,Large 500-2000,3,Opposition,53,3,5.86,5.88,51.21,0.2954340913181736,-1.26,Suppression,sg_algo2_at_least_one.csv,sg,0.369292614147717,5.0,0.738585228295434,10.0,1.0,210.0
Onset,Large 500-2000,4,Opposition,53,6,7.7,7.72,77.96,0.6682666346673066,-0.66,Suppression,sg_algo2_at_least_one.csv,sg,0.6682666346673066,5.0,0.9411811763764724,10.0,1.0,210.0
Onset,Large 500-2000,5,Opposition,53,6,9.46,9.49,63.42,0.2915941681166377,-1.23,Suppression,sg_algo2_at_least_one.csv,sg,0.369292614147717,5.0,0.738585228295434,10.0,1.0,210.0
Onset,Medium 100-500,1,Conjunction,1984,72,76.01,75.94,94.73,0.6921861562768744,-0.47,Suppression,sg_algo2_at_least_one.csv,sg,0.8989320213595728,5.0,0.9943356688421786,10.0,1.0,210.0
Onset,Medium 100-500,2,Conjunction,1984,140,149.49,149.38,93.65,0.4467110657786844,-0.8,Suppression,sg_algo2_at_least_one.csv,sg,0.8989320213595728,5.0,0.9943356688421786,10.0,1.0,210.0
Onset,Medium 100-500,3,Conjunction,1984,221,220.58,220.4,100.19,0.994420111597768,0.03,Enhancement,sg_algo2_at_least_one.csv,sg,0.994420111597768,5.0,0.994420111597768,10.0,1.0,210.0
Onset,Medium 100-500,4,Conjunction,1984,281,289.22,289.06,97.16,0.629707405851883,-0.5,Suppression,sg_algo2_at_least_one.csv,sg,0.8989320213595728,5.0,0.9943356688421786,10.0,1.0,210.0
Onset,Medium 100-500,5,Conjunction,1984,349,355.6,355.41,98.15,0.7191456170876582,-0.37,Suppression,sg_algo2_at_least_one.csv,sg,0.8989320213595728,5.0,0.9943356688421786,10.0,1.0,210.0
Onset,Medium 100-500,1,Opposition,1984,80,75.91,75.91,105.38,0.6715465690686186,0.47,Enhancement,sg_algo2_at_least_one.csv,sg,0.8949021019579607,5.0,0.9943356688421786,10.0,1.0,210.0
Onset,Medium 100-500,2,Opposition,1984,146,149.35,149.31,97.75,0.8171436571268574,-0.28,Suppression,sg_algo2_at_least_one.csv,sg,0.8949021019579607,5.0,0.9943356688421786,10.0,1.0,210.0
Onset,Medium 100-500,3,Opposition,1984,234,220.43,220.29,106.16,0.3818723625527489,0.92,Enhancement,sg_algo2_at_least_one.csv,sg,0.8949021019579607,5.0,0.9943356688421786,10.0,1.0,210.0
Onset,Medium 100-500,4,Opposition,1984,292,289.13,288.9,100.99,0.8949021019579608,0.17,Enhancement,sg_algo2_at_least_one.csv,sg,0.8949021019579607,5.0,0.9943356688421786,10.0,1.0,210.0
Onset,Medium 100-500,5,Opposition,1984,351,355.58,355.21,98.71,0.8168236635267294,-0.25,Suppression,sg_algo2_at_least_one.csv,sg,0.8949021019579607,5.0,0.9943356688421786,10.0,1.0,210.0
Onset,Small <100,1,Conjunction,31241,1256,1195.87,1195.88,105.03,0.0876382472350553,1.71,Enhancement,sg_algo2_at_least_one.csv,sg,0.4381912361752765,5.0,0.4381912361752765,10.0,0.9829903401931961,210.0
Onset,Small <100,2,Conjunction,31241,2378,2352.53,2352.49,101.08,0.6106277874442512,0.52,Enhancement,sg_algo2_at_least_one.csv,sg,0.9869002619947601,5.0,0.8723254106346445,10.0,1.0,210.0
Onset,Small <100,3,Conjunction,31241,3486,3470.9,3470.86,100.43,0.8044639107217856,0.25,Enhancement,sg_algo2_at_least_one.csv,sg,0.9869002619947601,5.0,0.8938487896908729,10.0,1.0,210.0
Onset,Small <100,4,Conjunction,31241,4550,4552.27,4552.09,99.95,0.98690026199476,-0.03,Suppression,sg_algo2_at_least_one.csv,sg,0.9869002619947601,5.0,0.9869002619947601,10.0,1.0,210.0
Onset,Small <100,5,Conjunction,31241,5499,5598.34,5597.21,98.23,0.1865162696746065,-1.33,Suppression,sg_algo2_at_least_one.csv,sg,0.46629067418651626,5.0,0.621720898915355,10.0,0.9829903401931961,210.0
Onset,Small <100,1,Opposition,31241,1205,1194.29,1194.12,100.9,0.7636247275054499,0.32,Enhancement,sg_algo2_at_least_one.csv,sg,0.7636247275054499,5.0,0.8938487896908729,10.0,1.0,210.0
Onset,Small <100,2,Opposition,31241,2432,2349.59,2349.13,103.51,0.0855582888342233,1.73,Enhancement,sg_algo2_at_least_one.csv,sg,0.4277914441711165,5.0,0.4381912361752765,10.0,0.9829903401931961,210.0
Onset,Small <100,3,Opposition,31241,3527,3467.0,3466.04,101.73,0.3138337233255335,1.03,Enhancement,sg_algo2_at_least_one.csv,sg,0.5473390532189356,5.0,0.7071858562828742,10.0,1.0,210.0
Onset,Small <100,4,Opposition,31241,4601,4547.26,4545.93,101.18,0.4378712425751485,0.79,Enhancement,sg_algo2_at_least_one.csv,sg,0.5473390532189356,5.0,0.7297854042919142,10.0,1.0,210.0
Onset,Small <100,5,Opposition,31241,5666,5593.02,5589.78,101.3,0.3535929281414371,0.94,Enhancement,sg_algo2_at_least_one.csv,sg,0.5473390532189356,5.0,0.7071858562828742,10.0,1.0,210.0
Onset,Total,1,Conjunction,33278,1330,1273.89,1273.84,104.4,0.118637627247455,1.56,Enhancement,sg_algo2_at_least_one.csv,sg,0.45359092818143626,5.0,0.597588048239035,10.0,0.9829903401931961,210.0
Onset,Total,2,Conjunction,33278,2524,2505.99,2505.84,100.72,0.7308253834923302,0.36,Enhancement,sg_algo2_at_least_one.csv,sg,0.8992220155596888,5.0,0.8894044341335395,10.0,1.0,210.0
Onset,Total,3,Conjunction,33278,3714,3697.36,3697.12,100.45,0.8004639907201856,0.27,Enhancement,sg_algo2_at_least_one.csv,sg,0.8992220155596888,5.0,0.8894044341335395,10.0,1.0,210.0
Onset,Total,4,Conjunction,33278,4840,4849.2,4848.83,99.81,0.8992220155596888,-0.13,Suppression,sg_algo2_at_least_one.csv,sg,0.8992220155596888,5.0,0.8992220155596888,10.0,1.0,210.0
Onset,Total,5,Conjunction,33278,5858,5963.42,5962.08,98.23,0.1814363712725745,-1.37,Suppression,sg_algo2_at_least_one.csv,sg,0.45359092818143626,5.0,0.604787904241915,10.0,0.9829903401931961,210.0
Onset,Total,1,Opposition,33278,1285,1272.23,1272.05,101.0,0.7288654226915462,0.37,Enhancement,sg_algo2_at_least_one.csv,sg,0.7288654226915462,5.0,0.8894044341335395,10.0,1.0,210.0
Onset,Total,2,Opposition,33278,2579,2502.93,2502.42,103.04,0.119517609647807,1.56,Enhancement,sg_algo2_at_least_one.csv,sg,0.5425891482170356,5.0,0.597588048239035,10.0,0.9829903401931961,210.0
Onset,Total,3,Opposition,33278,3764,3693.29,3692.21,101.91,0.243715125697486,1.18,Enhancement,sg_algo2_at_least_one.csv,sg,0.5425891482170356,5.0,0.609287814243715,10.0,1.0,210.0
Onset,Total,4,Opposition,33278,4899,4844.09,4842.54,101.13,0.4340713185736285,0.79,Enhancement,sg_algo2_at_least_one.csv,sg,0.5425891482170356,5.0,0.7234521976227142,10.0,1.0,210.0
Onset,Total,5,Opposition,33278,6023,5958.05,5954.48,101.09,0.4117517649647007,0.82,Enhancement,sg_algo2_at_least_one.csv,sg,0.5425891482170356,5.0,0.7234521976227142,10.0,1.0,210.0
