Window,Deg_Window,Days,Conj_k_obs,Conj_k_exp,Conj_Ratio,Conj_Z,Conj_p,Opp_k_obs,Opp_k_exp,Opp_Ratio,Opp_Z,Opp_p,Source_File,Domain,Conj_q_file,Conj_n_file,Opp_q_file,Opp_n_file
1,2,0.15,274,277.9,98.6,-0.19,0.8853,247,276.7,89.28,-1.47,0.1376,sf_b_class_decay_boundary.csv,sf,0.9033673469387755,50.0,0.5688461538461539,50.0
2,4,0.3,556,555.2,100.14,0.02,0.9855,524,554.1,94.56,-0.97,0.3412,sf_b_class_decay_boundary.csv,sf,0.9855000000000002,50.0,0.5718181818181819,50.0
3,6,0.45,854,832.0,102.65,0.54,0.5875,787,830.6,94.76,-1.09,0.281,sf_b_class_decay_boundary.csv,sf,0.850568181818182,50.0,0.5688461538461539,50.0
4,8,0.61,1150,1110.2,103.59,0.82,0.4296,1051,1107.5,94.9,-1.18,0.2416,sf_b_class_decay_boundary.csv,sf,0.850568181818182,50.0,0.5688461538461539,50.0
5,10,0.76,1444,1388.0,104.03,0.99,0.3342,1323,1384.1,95.59,-1.08,0.2958,sf_b_class_decay_boundary.csv,sf,0.850568181818182,50.0,0.5688461538461539,50.0
6,12,0.91,1765,1666.0,105.94,1.51,0.1414,1608,1661.2,96.8,-0.83,0.4228,sf_b_class_decay_boundary.csv,sf,0.850568181818182,50.0,0.5946153846153845,50.0
7,14,1.06,2065,1943.2,106.27,1.67,0.114,1878,1938.1,96.9,-0.84,0.4256,sf_b_class_decay_boundary.csv,sf,0.850568181818182,50.0,0.5946153846153845,50.0
8,16,1.21,2338,2221.1,105.26,1.47,0.1614,2126,2214.3,96.01,-1.1,0.2776,sf_b_class_decay_boundary.csv,sf,0.850568181818182,50.0,0.5688461538461539,50.0
9,18,1.36,2619,2498.5,104.82,1.4,0.1802,2440,2493.2,97.87,-0.62,0.5627,sf_b_class_decay_boundary.csv,sf,0.850568181818182,50.0,0.6862195121951219,50.0
10,20,1.52,2901,2776.9,104.47,1.34,0.2028,2747,2770.4,99.16,-0.25,0.8411,sf_b_class_decay_boundary.csv,sf,0.850568181818182,50.0,0.8411,50.0
11,22,1.67,3181,3052.5,104.21,1.28,0.2224,3007,3044.5,98.77,-0.37,0.7401,sf_b_class_decay_boundary.csv,sf,0.850568181818182,50.0,0.765204081632653,50.0
12,24,1.82,3445,3331.4,103.41,1.06,0.3032,3279,3322.1,98.7,-0.4,0.7111,sf_b_class_decay_boundary.csv,sf,0.850568181818182,50.0,0.7592553191489362,50.0
13,26,1.97,3752,3609.0,103.96,1.24,0.2342,3550,3599.4,98.63,-0.44,0.6743,sf_b_class_decay_boundary.csv,sf,0.850568181818182,50.0,0.7543333333333333,50.0
14,28,2.12,4032,3886.8,103.73,1.2,0.2434,3830,3878.6,98.75,-0.4,0.7137,sf_b_class_decay_boundary.csv,sf,0.850568181818182,50.0,0.7592553191489362,50.0
15,30,2.27,4309,4162.7,103.51,1.15,0.264,4096,4153.8,98.61,-0.45,0.6789,sf_b_class_decay_boundary.csv,sf,0.850568181818182,50.0,0.7543333333333333,50.0
16,32,2.42,4589,4439.3,103.37,1.13,0.2774,4383,4430.4,98.93,-0.35,0.7499,sf_b_class_decay_boundary.csv,sf,0.850568181818182,50.0,0.765204081632653,50.0
17,34,2.58,4847,4716.6,102.76,0.93,0.3576,4631,4708.3,98.36,-0.55,0.6041,sf_b_class_decay_boundary.csv,sf,0.850568181818182,50.0,0.7191666666666666,50.0
18,36,2.73,5114,4995.5,102.37,0.81,0.423,4912,4986.5,98.51,-0.51,0.6271,sf_b_class_decay_boundary.csv,sf,0.850568181818182,50.0,0.7291860465116279,50.0
19,38,2.88,5370,5272.7,101.85,0.63,0.5129,5167,5262.8,98.18,-0.63,0.5437,sf_b_class_decay_boundary.csv,sf,0.850568181818182,50.0,0.6796249999999999,50.0
20,40,3.03,5623,5552.2,101.27,0.44,0.6423,5411,5540.1,97.67,-0.82,0.4298,sf_b_class_decay_boundary.csv,sf,0.850568181818182,50.0,0.5946153846153845,50.0
21,42,3.18,5915,5828.2,101.49,0.53,0.5913,5686,5815.0,97.78,-0.8,0.4434,sf_b_class_decay_boundary.csv,sf,0.850568181818182,50.0,0.5946153846153845,50.0
22,44,3.33,6214,6106.8,101.76,0.62,0.5335,5944,6096.3,97.5,-0.9,0.3774,sf_b_class_decay_boundary.csv,sf,0.850568181818182,50.0,0.5718181818181819,50.0
23,46,3.48,6508,6381.5,101.98,0.71,0.4802,6209,6368.7,97.49,-0.92,0.3684,sf_b_class_decay_boundary.csv,sf,0.850568181818182,50.0,0.5718181818181819,50.0
24,48,3.64,6789,6661.5,101.91,0.69,0.4842,6511,6645.6,97.97,-0.74,0.4638,sf_b_class_decay_boundary.csv,sf,0.850568181818182,50.0,0.5946153846153845,50.0
25,50,3.79,7066,6938.8,101.83,0.67,0.5053,6783,6923.2,97.98,-0.76,0.4566,sf_b_class_decay_boundary.csv,sf,0.850568181818182,50.0,0.5946153846153845,50.0
26,52,3.94,7324,7212.2,101.55,0.59,0.5469,7033,7201.6,97.66,-0.89,0.374,sf_b_class_decay_boundary.csv,sf,0.850568181818182,50.0,0.5718181818181819,50.0
27,54,4.09,7602,7491.3,101.48,0.56,0.5793,7306,7479.0,97.69,-0.9,0.3774,sf_b_class_decay_boundary.csv,sf,0.850568181818182,50.0,0.5718181818181819,50.0
28,56,4.24,7866,7769.6,101.24,0.48,0.6157,7577,7756.8,97.68,-0.91,0.3772,sf_b_class_decay_boundary.csv,sf,0.850568181818182,50.0,0.5718181818181819,50.0
29,58,4.39,8135,8047.2,101.09,0.42,0.6641,7836,8031.9,97.56,-0.97,0.3346,sf_b_class_decay_boundary.csv,sf,0.850568181818182,50.0,0.5718181818181819,50.0
30,60,4.55,8412,8327.7,101.01,0.4,0.6875,8084,8306.9,97.32,-1.08,0.2864,sf_b_class_decay_boundary.csv,sf,0.850568181818182,50.0,0.5688461538461539,50.0
31,62,4.7,8708,8600.7,101.25,0.49,0.6193,8344,8583.9,97.21,-1.14,0.2716,sf_b_class_decay_boundary.csv,sf,0.850568181818182,50.0,0.5688461538461539,50.0
32,64,4.85,8971,8877.9,101.05,0.42,0.6659,8612,8864.3,97.15,-1.2,0.2358,sf_b_class_decay_boundary.csv,sf,0.850568181818182,50.0,0.5688461538461539,50.0
33,66,5.0,9225,9157.9,100.73,0.29,0.7485,8884,9137.6,97.22,-1.16,0.2606,sf_b_class_decay_boundary.csv,sf,0.850568181818182,50.0,0.5688461538461539,50.0
34,68,5.15,9514,9434.9,100.84,0.34,0.7163,9131,9413.0,97.0,-1.26,0.2206,sf_b_class_decay_boundary.csv,sf,0.850568181818182,50.0,0.5688461538461539,50.0
35,70,5.3,9800,9710.0,100.93,0.38,0.6889,9390,9694.3,96.86,-1.33,0.2038,sf_b_class_decay_boundary.csv,sf,0.850568181818182,50.0,0.5688461538461539,50.0
36,72,5.45,10094,9985.8,101.08,0.46,0.6429,9672,9973.2,96.98,-1.29,0.2138,sf_b_class_decay_boundary.csv,sf,0.850568181818182,50.0,0.5688461538461539,50.0
37,74,5.61,10363,10265.0,100.95,0.4,0.6851,9954,10245.5,97.15,-1.22,0.2382,sf_b_class_decay_boundary.csv,sf,0.850568181818182,50.0,0.5688461538461539,50.0
38,76,5.76,10664,10543.2,101.15,0.49,0.6341,10228,10524.9,97.18,-1.22,0.2338,sf_b_class_decay_boundary.csv,sf,0.850568181818182,50.0,0.5688461538461539,50.0
39,78,5.91,10925,10822.4,100.95,0.41,0.6775,10509,10806.4,97.25,-1.21,0.2426,sf_b_class_decay_boundary.csv,sf,0.850568181818182,50.0,0.5688461538461539,50.0
40,80,6.06,11183,11099.1,100.76,0.33,0.7259,10779,11073.5,97.34,-1.18,0.2574,sf_b_class_decay_boundary.csv,sf,0.850568181818182,50.0,0.5688461538461539,50.0
41,82,6.21,11457,11372.9,100.74,0.32,0.7289,11051,11356.3,97.31,-1.2,0.2536,sf_b_class_decay_boundary.csv,sf,0.850568181818182,50.0,0.5688461538461539,50.0
42,84,6.36,11733,11653.4,100.68,0.31,0.7435,11344,11634.3,97.5,-1.14,0.2772,sf_b_class_decay_boundary.csv,sf,0.850568181818182,50.0,0.5688461538461539,50.0
43,86,6.52,11990,11924.6,100.55,0.25,0.7705,11621,11909.2,97.58,-1.1,0.2956,sf_b_class_decay_boundary.csv,sf,0.856111111111111,50.0,0.5688461538461539,50.0
44,88,6.67,12297,12209.8,100.71,0.32,0.7317,11865,12183.5,97.39,-1.19,0.2504,sf_b_class_decay_boundary.csv,sf,0.850568181818182,50.0,0.5688461538461539,50.0
45,90,6.82,12566,12485.1,100.65,0.3,0.7483,12126,12466.9,97.27,-1.27,0.232,sf_b_class_decay_boundary.csv,sf,0.850568181818182,50.0,0.5688461538461539,50.0
46,92,6.97,12842,12761.4,100.63,0.29,0.7439,12404,12735.7,97.4,-1.24,0.236,sf_b_class_decay_boundary.csv,sf,0.850568181818182,50.0,0.5688461538461539,50.0
47,94,7.12,13117,13035.1,100.63,0.3,0.7387,12660,13019.5,97.24,-1.31,0.2094,sf_b_class_decay_boundary.csv,sf,0.850568181818182,50.0,0.5688461538461539,50.0
48,96,7.27,13365,13312.9,100.39,0.18,0.8281,12926,13294.7,97.23,-1.34,0.2,sf_b_class_decay_boundary.csv,sf,0.8809574468085105,50.0,0.5688461538461539,50.0
49,98,7.42,13623,13588.2,100.26,0.12,0.8663,13193,13580.6,97.15,-1.4,0.182,sf_b_class_decay_boundary.csv,sf,0.9023958333333333,50.0,0.5688461538461539,50.0
50,100,7.58,13926,13865.7,100.43,0.21,0.7973,13497,13850.4,97.45,-1.26,0.2298,sf_b_class_decay_boundary.csv,sf,0.8666304347826087,50.0,0.5688461538461539,50.0
1,2,0.15,1112,1036.9,107.24,1.99,0.0496,1070,1037.8,103.11,0.87,0.3898,sf_c_class_decay_boundary.csv,sf,0.11952380952380953,50.0,0.9413541666666666,50.0
2,4,0.3,2273,2073.8,109.6,3.34,0.0008,2077,2074.8,100.11,0.04,0.9713,sf_c_class_decay_boundary.csv,sf,0.02,50.0,0.9911224489795919,50.0
3,6,0.45,3326,3110.9,106.92,2.65,0.0072,3111,3109.1,100.06,0.02,0.9915,sf_c_class_decay_boundary.csv,sf,0.04,50.0,0.9915,50.0
4,8,0.61,4373,4149.6,105.38,2.24,0.0262,4168,4149.3,100.45,0.2,0.8625,sf_c_class_decay_boundary.csv,sf,0.07705882352941176,50.0,0.9413541666666666,50.0
5,10,0.76,5499,5186.0,106.03,2.65,0.0056,5268,5186.5,101.57,0.72,0.4792,sf_c_class_decay_boundary.csv,sf,0.034999999999999996,50.0,0.9413541666666666,50.0
6,12,0.91,6597,6221.4,106.04,2.74,0.0042,6328,6220.8,101.72,0.82,0.4158,sf_c_class_decay_boundary.csv,sf,0.03,50.0,0.9413541666666666,50.0
7,14,1.06,7716,7262.0,106.25,2.96,0.0012,7381,7261.7,101.64,0.81,0.4262,sf_c_class_decay_boundary.csv,sf,0.02,50.0,0.9413541666666666,50.0
8,16,1.21,8789,8297.0,105.93,2.94,0.0036,8430,8294.0,101.64,0.83,0.4096,sf_c_class_decay_boundary.csv,sf,0.03,50.0,0.9413541666666666,50.0
9,18,1.36,9851,9335.4,105.52,2.83,0.0028,9442,9333.3,101.16,0.61,0.5623,sf_c_class_decay_boundary.csv,sf,0.03,50.0,0.9413541666666666,50.0
10,20,1.52,10965,10370.4,105.73,3.02,0.0012,10530,10370.2,101.54,0.81,0.4246,sf_c_class_decay_boundary.csv,sf,0.02,50.0,0.9413541666666666,50.0
11,22,1.67,12021,11409.3,105.36,2.85,0.0034,11493,11407.0,100.75,0.4,0.6939,sf_c_class_decay_boundary.csv,sf,0.03,50.0,0.9413541666666666,50.0
12,24,1.82,13016,12448.6,104.56,2.51,0.0104,12555,12442.6,100.9,0.49,0.6379,sf_c_class_decay_boundary.csv,sf,0.043333333333333335,50.0,0.9413541666666666,50.0
13,26,1.97,14075,13483.3,104.39,2.5,0.01,13609,13480.6,100.95,0.52,0.6201,sf_c_class_decay_boundary.csv,sf,0.043333333333333335,50.0,0.9413541666666666,50.0
14,28,2.12,15155,14520.3,104.37,2.53,0.0102,14628,14518.3,100.76,0.42,0.6963,sf_c_class_decay_boundary.csv,sf,0.043333333333333335,50.0,0.9413541666666666,50.0
15,30,2.27,16151,15557.7,103.81,2.24,0.0178,15659,15549.5,100.7,0.39,0.7099,sf_c_class_decay_boundary.csv,sf,0.06357142857142857,50.0,0.9413541666666666,50.0
16,32,2.42,17247,16593.1,103.94,2.39,0.0162,16686,16589.0,100.58,0.33,0.7667,sf_c_class_decay_boundary.csv,sf,0.0623076923076923,50.0,0.9413541666666666,50.0
17,34,2.58,18272,17630.2,103.64,2.24,0.0206,17716,17631.8,100.48,0.27,0.8015,sf_c_class_decay_boundary.csv,sf,0.06687499999999999,50.0,0.9413541666666666,50.0
18,36,2.73,19317,18668.8,103.47,2.22,0.0214,18718,18659.1,100.32,0.18,0.8787,sf_c_class_decay_boundary.csv,sf,0.06687499999999999,50.0,0.9413541666666666,50.0
19,38,2.88,20316,19709.4,103.08,2.0,0.043,19752,19702.1,100.25,0.15,0.8975,sf_c_class_decay_boundary.csv,sf,0.1131578947368421,50.0,0.9413541666666666,50.0
20,40,3.03,21373,20742.5,103.04,1.98,0.0416,20797,20741.4,100.27,0.16,0.9037,sf_c_class_decay_boundary.csv,sf,0.1131578947368421,50.0,0.9413541666666666,50.0
21,42,3.18,22390,21778.4,102.81,1.86,0.0502,21873,21776.1,100.44,0.26,0.8139,sf_c_class_decay_boundary.csv,sf,0.11952380952380953,50.0,0.9413541666666666,50.0
22,44,3.33,23424,22817.5,102.66,1.81,0.0678,22907,22816.5,100.4,0.24,0.8307,sf_c_class_decay_boundary.csv,sf,0.1473913043478261,50.0,0.9413541666666666,50.0
23,46,3.48,24479,23854.5,102.62,1.82,0.062,23956,23850.4,100.44,0.27,0.8075,sf_c_class_decay_boundary.csv,sf,0.1409090909090909,50.0,0.9413541666666666,50.0
24,48,3.64,25494,24880.8,102.46,1.72,0.0786,25058,24890.8,100.67,0.42,0.6969,sf_c_class_decay_boundary.csv,sf,0.1596,50.0,0.9413541666666666,50.0
25,50,3.79,26554,25930.1,102.41,1.71,0.0834,26049,25925.5,100.48,0.3,0.7965,sf_c_class_decay_boundary.csv,sf,0.16038461538461538,50.0,0.9413541666666666,50.0
26,52,3.94,27618,26964.7,102.42,1.73,0.0798,27102,26959.5,100.53,0.34,0.7645,sf_c_class_decay_boundary.csv,sf,0.1596,50.0,0.9413541666666666,50.0
27,54,4.09,28617,28002.4,102.19,1.59,0.1044,28158,27998.6,100.57,0.37,0.7403,sf_c_class_decay_boundary.csv,sf,0.19333333333333336,50.0,0.9413541666666666,50.0
28,56,4.24,29634,29034.1,102.07,1.5,0.1308,29201,29033.1,100.58,0.38,0.7227,sf_c_class_decay_boundary.csv,sf,0.218,50.0,0.9413541666666666,50.0
29,58,4.39,30677,30068.0,102.03,1.49,0.1386,30263,30074.1,100.63,0.41,0.7019,sf_c_class_decay_boundary.csv,sf,0.2235483870967742,50.0,0.9413541666666666,50.0
30,60,4.55,31733,31106.9,102.01,1.51,0.129,31395,31103.5,100.94,0.62,0.5577,sf_c_class_decay_boundary.csv,sf,0.218,50.0,0.9413541666666666,50.0
31,62,4.7,32791,32152.5,101.99,1.52,0.1206,32445,32148.1,100.92,0.63,0.5359,sf_c_class_decay_boundary.csv,sf,0.21535714285714286,50.0,0.9413541666666666,50.0
32,64,4.85,33808,33191.2,101.86,1.43,0.1476,33448,33175.7,100.82,0.56,0.6015,sf_c_class_decay_boundary.csv,sf,0.23062500000000002,50.0,0.9413541666666666,50.0
33,66,5.0,34810,34220.9,101.72,1.33,0.1874,34483,34216.0,100.78,0.54,0.6113,sf_c_class_decay_boundary.csv,sf,0.283939393939394,50.0,0.9413541666666666,50.0
34,68,5.15,35819,35263.6,101.57,1.23,0.2226,35529,35256.7,100.77,0.53,0.6137,sf_c_class_decay_boundary.csv,sf,0.32735294117647057,50.0,0.9413541666666666,50.0
35,70,5.3,36799,36300.7,101.37,1.09,0.2906,36533,36287.9,100.68,0.48,0.6625,sf_c_class_decay_boundary.csv,sf,0.40361111111111114,50.0,0.9413541666666666,50.0
36,72,5.45,37831,37329.6,101.34,1.08,0.2874,37579,37333.2,100.66,0.47,0.6513,sf_c_class_decay_boundary.csv,sf,0.40361111111111114,50.0,0.9413541666666666,50.0
37,74,5.61,38850,38367.1,101.26,1.04,0.3136,38612,38361.1,100.65,0.47,0.6521,sf_c_class_decay_boundary.csv,sf,0.4237837837837838,50.0,0.9413541666666666,50.0
38,76,5.76,39893,39408.6,101.23,1.01,0.3328,39694,39399.4,100.75,0.54,0.6225,sf_c_class_decay_boundary.csv,sf,0.4378947368421053,50.0,0.9413541666666666,50.0
39,78,5.91,40872,40440.7,101.07,0.89,0.3882,40692,40437.2,100.63,0.46,0.6653,sf_c_class_decay_boundary.csv,sf,0.48525,50.0,0.9413541666666666,50.0
40,80,6.06,41915,41471.6,101.07,0.91,0.3736,41703,41485.4,100.52,0.39,0.7157,sf_c_class_decay_boundary.csv,sf,0.47897435897435897,50.0,0.9413541666666666,50.0
41,82,6.21,42915,42516.6,100.94,0.81,0.4234,42759,42507.8,100.59,0.44,0.6867,sf_c_class_decay_boundary.csv,sf,0.5040476190476191,50.0,0.9413541666666666,50.0
42,84,6.36,43961,43550.7,100.94,0.83,0.415,43777,43547.9,100.53,0.39,0.7145,sf_c_class_decay_boundary.csv,sf,0.5040476190476191,50.0,0.9413541666666666,50.0
43,86,6.52,44988,44588.5,100.9,0.78,0.4372,44745,44584.6,100.36,0.27,0.8077,sf_c_class_decay_boundary.csv,sf,0.5083720930232558,50.0,0.9413541666666666,50.0
44,88,6.67,46025,45633.7,100.86,0.76,0.4542,45718,45618.6,100.22,0.17,0.8875,sf_c_class_decay_boundary.csv,sf,0.5161363636363636,50.0,0.9413541666666666,50.0
45,90,6.82,46998,46671.7,100.7,0.62,0.5553,46794,46659.1,100.29,0.23,0.8419,sf_c_class_decay_boundary.csv,sf,0.6035869565217391,50.0,0.9413541666666666,50.0
46,92,6.97,48059,47701.4,100.75,0.68,0.5171,47841,47700.6,100.29,0.23,0.8259,sf_c_class_decay_boundary.csv,sf,0.5745555555555556,50.0,0.9413541666666666,50.0
47,94,7.12,49046,48739.2,100.63,0.57,0.5817,48880,48727.8,100.31,0.25,0.8133,sf_c_class_decay_boundary.csv,sf,0.6188297872340426,50.0,0.9413541666666666,50.0
48,96,7.27,50061,49762.4,100.6,0.55,0.6043,49906,49758.0,100.3,0.24,0.8247,sf_c_class_decay_boundary.csv,sf,0.6294791666666666,50.0,0.9413541666666666,50.0
49,98,7.42,51083,50803.6,100.55,0.51,0.6297,50982,50802.4,100.35,0.29,0.7865,sf_c_class_decay_boundary.csv,sf,0.6425510204081634,50.0,0.9413541666666666,50.0
50,100,7.58,52125,51849.6,100.53,0.5,0.6439,52002,51829.7,100.33,0.27,0.8033,sf_c_class_decay_boundary.csv,sf,0.6439,50.0,0.9413541666666666,50.0
1,2,0.15,1606,1518.9,105.73,1.87,0.064,1556,1519.0,102.44,0.8,0.4294,sf_decay_boundary.csv,sf,0.12178571428571427,50.0,1.0,50.0
2,4,0.3,3259,3037.7,107.28,3.02,0.0038,3044,3038.1,100.19,0.08,0.9325,sf_decay_boundary.csv,sf,0.021111111111111112,50.0,1.0,50.0
3,6,0.45,4845,4555.8,106.35,2.91,0.003,4540,4552.9,99.72,-0.13,0.8731,sf_decay_boundary.csv,sf,0.021111111111111112,50.0,1.0,50.0
4,8,0.61,6385,6077.6,105.06,2.52,0.0126,6077,6073.7,100.05,0.03,0.9825,sf_decay_boundary.csv,sf,0.047142857142857146,50.0,1.0,50.0
5,10,0.76,8002,7596.0,105.34,2.81,0.0038,7662,7592.4,100.92,0.51,0.6107,sf_decay_boundary.csv,sf,0.021111111111111112,50.0,1.0,50.0
6,12,0.91,9628,9112.9,105.65,3.09,0.0014,9206,9108.4,101.07,0.63,0.5301,sf_decay_boundary.csv,sf,0.013999999999999999,50.0,1.0,50.0
7,14,1.06,11238,10635.8,105.66,3.23,0.0002,10736,10630.4,100.99,0.6,0.5569,sf_decay_boundary.csv,sf,0.01,50.0,1.0,50.0
8,16,1.21,12797,12151.7,105.31,3.16,0.001,12234,12142.2,100.76,0.47,0.6497,sf_decay_boundary.csv,sf,0.013999999999999999,50.0,1.0,50.0
9,18,1.36,14340,13673.6,104.87,3.01,0.0024,13746,13666.6,100.58,0.37,0.7141,sf_decay_boundary.csv,sf,0.02,50.0,1.0,50.0
10,20,1.52,15956,15190.3,105.04,3.2,0.0008,15348,15184.3,101.08,0.71,0.4842,sf_decay_boundary.csv,sf,0.013999999999999999,50.0,1.0,50.0
11,22,1.67,17503,16709.8,104.75,3.04,0.0014,16779,16700.0,100.47,0.32,0.7627,sf_decay_boundary.csv,sf,0.013999999999999999,50.0,1.0,50.0
12,24,1.82,18962,18232.3,104.0,2.64,0.0094,18310,18217.2,100.51,0.35,0.7357,sf_decay_boundary.csv,sf,0.03916666666666667,50.0,1.0,50.0
13,26,1.97,20523,19749.2,103.92,2.7,0.0078,19828,19737.1,100.46,0.32,0.7689,sf_decay_boundary.csv,sf,0.035454545454545454,50.0,1.0,50.0
14,28,2.12,22092,21269.5,103.87,2.71,0.0066,21312,21257.5,100.26,0.18,0.8845,sf_decay_boundary.csv,sf,0.033,50.0,1.0,50.0
15,30,2.27,23573,22787.7,103.45,2.44,0.0152,22828,22768.9,100.26,0.18,0.8811,sf_decay_boundary.csv,sf,0.050666666666666665,50.0,1.0,50.0
16,32,2.42,25143,24303.0,103.46,2.54,0.0132,24338,24289.3,100.2,0.14,0.9239,sf_decay_boundary.csv,sf,0.047142857142857146,50.0,1.0,50.0
17,34,2.58,26621,25821.9,103.09,2.28,0.0232,25826,25815.8,100.04,0.03,1.0,sf_decay_boundary.csv,sf,0.0725,50.0,1.0,50.0
18,36,2.73,28139,27343.5,102.91,2.24,0.0264,27319,27323.3,99.98,-0.01,0.9557,sf_decay_boundary.csv,sf,0.07764705882352942,50.0,1.0,50.0
19,38,2.88,29602,28864.6,102.55,2.0,0.048,28790,28848.8,99.8,-0.15,0.8447,sf_decay_boundary.csv,sf,0.0968,50.0,1.0,50.0
20,40,3.03,31146,30382.7,102.51,1.98,0.0454,30278,30370.5,99.7,-0.23,0.7931,sf_decay_boundary.csv,sf,0.0968,50.0,1.0,50.0
21,42,3.18,32695,31900.6,102.49,2.01,0.041,31815,31884.4,99.78,-0.17,0.8437,sf_decay_boundary.csv,sf,0.0968,50.0,1.0,50.0
22,44,3.33,34242,33420.2,102.46,2.01,0.047,33289,33410.1,99.64,-0.28,0.7589,sf_decay_boundary.csv,sf,0.0968,50.0,1.0,50.0
23,46,3.48,35810,34937.8,102.5,2.09,0.0382,34814,34920.4,99.7,-0.24,0.7913,sf_decay_boundary.csv,sf,0.0968,50.0,1.0,50.0
24,48,3.64,37305,36449.4,102.35,1.99,0.0454,36430,36442.8,99.96,-0.03,0.9429,sf_decay_boundary.csv,sf,0.0968,50.0,1.0,50.0
25,50,3.79,38867,37980.7,102.33,2.0,0.045,37893,37959.6,99.82,-0.14,0.8557,sf_decay_boundary.csv,sf,0.0968,50.0,1.0,50.0
26,52,3.94,40391,39492.8,102.27,1.99,0.0484,39411,39475.2,99.84,-0.13,0.8647,sf_decay_boundary.csv,sf,0.0968,50.0,1.0,50.0
27,54,4.09,41872,41015.4,102.09,1.85,0.068,40918,40996.9,99.81,-0.16,0.8509,sf_decay_boundary.csv,sf,0.12178571428571427,50.0,1.0,50.0
28,56,4.24,43369,42528.7,101.98,1.75,0.0744,42446,42512.3,99.84,-0.13,0.8785,sf_decay_boundary.csv,sf,0.12625,50.0,1.0,50.0
29,58,4.39,44923,44043.4,102.0,1.79,0.0784,43990,44035.1,99.9,-0.09,0.9113,sf_decay_boundary.csv,sf,0.12625,50.0,1.0,50.0
30,60,4.55,46444,45565.9,101.93,1.77,0.0786,45575,45543.4,100.07,0.06,0.9793,sf_decay_boundary.csv,sf,0.12625,50.0,1.0,50.0
31,62,4.7,48010,47090.1,101.95,1.83,0.0682,47054,47068.8,99.97,-0.03,0.9455,sf_decay_boundary.csv,sf,0.12178571428571427,50.0,1.0,50.0
32,64,4.85,49498,48611.2,101.82,1.72,0.0808,48518,48581.3,99.87,-0.11,0.8825,sf_decay_boundary.csv,sf,0.12625,50.0,1.0,50.0
33,66,5.0,50949,50125.0,101.64,1.56,0.1142,50024,50099.7,99.85,-0.13,0.8655,sf_decay_boundary.csv,sf,0.17303030303030303,50.0,1.0,50.0
34,68,5.15,52454,51651.9,101.55,1.5,0.131,51522,51622.1,99.81,-0.17,0.8415,sf_decay_boundary.csv,sf,0.18857142857142858,50.0,1.0,50.0
35,70,5.3,53938,53166.6,101.45,1.42,0.1584,53018,53137.0,99.78,-0.2,0.8155,sf_decay_boundary.csv,sf,0.20842105263157898,50.0,1.0,50.0
36,72,5.45,55497,54673.6,101.51,1.49,0.132,54538,54667.1,99.76,-0.22,0.7949,sf_decay_boundary.csv,sf,0.18857142857142858,50.0,1.0,50.0
37,74,5.61,56989,56193.7,101.42,1.43,0.152,56036,56170.7,99.76,-0.22,0.7945,sf_decay_boundary.csv,sf,0.20842105263157898,50.0,1.0,50.0
38,76,5.76,58521,57722.5,101.38,1.42,0.1548,57606,57692.5,99.85,-0.14,0.8653,sf_decay_boundary.csv,sf,0.20842105263157898,50.0,1.0,50.0
39,78,5.91,59953,59234.6,101.21,1.25,0.2132,59074,59215.2,99.76,-0.23,0.7983,sf_decay_boundary.csv,sf,0.2665,50.0,1.0,50.0
40,80,6.06,61486,60744.6,101.22,1.28,0.2024,60534,60737.9,99.66,-0.32,0.7315,sf_decay_boundary.csv,sf,0.2594871794871795,50.0,1.0,50.0
41,82,6.21,62967,62272.8,101.11,1.19,0.235,62070,62248.9,99.71,-0.28,0.7613,sf_decay_boundary.csv,sf,0.27976190476190477,50.0,1.0,50.0
42,84,6.36,64504,63788.4,101.12,1.22,0.2216,63598,63767.2,99.73,-0.26,0.7687,sf_decay_boundary.csv,sf,0.2702439024390244,50.0,1.0,50.0
43,86,6.52,65986,65304.0,101.04,1.13,0.257,65037,65286.3,99.62,-0.38,0.6887,sf_decay_boundary.csv,sf,0.2931818181818182,50.0,1.0,50.0
44,88,6.67,67517,66837.2,101.02,1.12,0.258,66436,66797.3,99.46,-0.55,0.5757,sf_decay_boundary.csv,sf,0.2931818181818182,50.0,1.0,50.0
45,90,6.82,68978,68357.3,100.91,1.01,0.3228,67975,68325.7,99.49,-0.52,0.6009,sf_decay_boundary.csv,sf,0.3508695652173913,50.0,1.0,50.0
46,92,6.97,70523,69866.2,100.94,1.07,0.2922,69527,69846.9,99.54,-0.48,0.6217,sf_decay_boundary.csv,sf,0.3246666666666667,50.0,1.0,50.0
47,94,7.12,71982,71380.6,100.84,0.96,0.3514,71056,71353.0,99.58,-0.44,0.6525,sf_decay_boundary.csv,sf,0.36604166666666665,50.0,1.0,50.0
48,96,7.27,73475,72884.4,100.81,0.94,0.3502,72546,72865.6,99.56,-0.47,0.6347,sf_decay_boundary.csv,sf,0.36604166666666665,50.0,1.0,50.0
49,98,7.42,74942,74407.2,100.72,0.84,0.398,74087,74398.7,99.58,-0.45,0.6419,sf_decay_boundary.csv,sf,0.398,50.0,1.0,50.0
50,100,7.58,76488,75934.5,100.73,0.86,0.395,75630,75904.3,99.64,-0.39,0.6677,sf_decay_boundary.csv,sf,0.398,50.0,1.0,50.0
1,2,0.15,203,187.5,108.24,1.1,0.286,222,187.8,118.21,2.32,0.0274,sf_m_class_decay_boundary.csv,sf,0.4333333333333333,50.0,0.9590425531914892,50.0
2,4,0.3,394,375.5,104.94,0.88,0.3922,418,375.9,111.21,1.93,0.0592,sf_m_class_decay_boundary.csv,sf,0.5447222222222222,50.0,0.9590425531914892,50.0
3,6,0.45,611,563.0,108.53,1.76,0.0798,594,563.2,105.47,1.1,0.2792,sf_m_class_decay_boundary.csv,sf,0.3575862068965517,50.0,0.9590425531914892,50.0
4,8,0.61,794,751.3,105.68,1.33,0.192,790,750.3,105.28,1.19,0.2366,sf_m_class_decay_boundary.csv,sf,0.3575862068965517,50.0,0.9590425531914892,50.0
5,10,0.76,974,938.7,103.76,0.95,0.348,988,938.4,105.28,1.34,0.177,sf_m_class_decay_boundary.csv,sf,0.5117647058823529,50.0,0.9590425531914892,50.0
6,12,0.91,1162,1125.7,103.23,0.86,0.3922,1167,1126.3,103.61,0.97,0.335,sf_m_class_decay_boundary.csv,sf,0.5447222222222222,50.0,0.9590425531914892,50.0
7,14,1.06,1338,1313.9,101.83,0.52,0.6081,1355,1313.7,103.14,0.89,0.3732,sf_m_class_decay_boundary.csv,sf,0.6545744680851063,50.0,0.9590425531914892,50.0
8,16,1.21,1532,1500.3,102.11,0.61,0.5547,1546,1500.5,103.03,0.88,0.3848,sf_m_class_decay_boundary.csv,sf,0.6545744680851063,50.0,0.9590425531914892,50.0
9,18,1.36,1721,1689.7,101.85,0.55,0.5881,1721,1690.0,101.84,0.56,0.5877,sf_m_class_decay_boundary.csv,sf,0.6545744680851063,50.0,0.9590425531914892,50.0
10,20,1.52,1926,1876.5,102.64,0.83,0.421,1912,1876.7,101.88,0.59,0.5483,sf_m_class_decay_boundary.csv,sf,0.5497435897435897,50.0,0.9590425531914892,50.0
11,22,1.67,2118,2064.8,102.58,0.82,0.4222,2098,2064.9,101.6,0.52,0.6005,sf_m_class_decay_boundary.csv,sf,0.5497435897435897,50.0,0.9590425531914892,50.0
12,24,1.82,2301,2252.5,102.15,0.7,0.4824,2280,2252.0,101.24,0.42,0.6751,sf_m_class_decay_boundary.csv,sf,0.603,50.0,0.9590425531914892,50.0
13,26,1.97,2479,2440.4,101.58,0.54,0.5931,2454,2440.1,100.57,0.2,0.8487,sf_m_class_decay_boundary.csv,sf,0.6545744680851063,50.0,0.9590425531914892,50.0
14,28,2.12,2669,2628.9,101.53,0.52,0.6009,2632,2627.0,100.19,0.07,0.9441,sf_m_class_decay_boundary.csv,sf,0.6545744680851063,50.0,0.9834375000000001,50.0
15,30,2.27,2864,2817.0,101.67,0.58,0.5671,2833,2815.0,100.64,0.23,0.8209,sf_m_class_decay_boundary.csv,sf,0.6545744680851063,50.0,0.9590425531914892,50.0
16,32,2.42,3046,3004.2,101.39,0.5,0.6153,3016,3002.6,100.45,0.16,0.8775,sf_m_class_decay_boundary.csv,sf,0.6545744680851063,50.0,0.9590425531914892,50.0
17,34,2.58,3223,3191.9,100.97,0.36,0.7139,3207,3191.6,100.48,0.18,0.8661,sf_m_class_decay_boundary.csv,sf,0.7139,50.0,0.9590425531914892,50.0
18,36,2.73,3418,3378.9,101.16,0.44,0.6585,3401,3377.2,100.7,0.27,0.7991,sf_m_class_decay_boundary.csv,sf,0.671938775510204,50.0,0.9590425531914892,50.0
19,38,2.88,3610,3566.1,101.23,0.47,0.6311,3570,3566.9,100.09,0.03,0.9859,sf_m_class_decay_boundary.csv,sf,0.6573958333333333,50.0,0.9859,50.0
20,40,3.03,3830,3754.4,102.01,0.79,0.4288,3759,3755.1,100.1,0.04,0.9839,sf_m_class_decay_boundary.csv,sf,0.5497435897435897,50.0,0.9859,50.0
21,42,3.18,4053,3943.8,102.77,1.11,0.2804,3931,3942.9,99.7,-0.12,0.9015,sf_m_class_decay_boundary.csv,sf,0.4333333333333333,50.0,0.9590425531914892,50.0
22,44,3.33,4249,4129.2,102.9,1.17,0.2554,4097,4130.0,99.2,-0.33,0.7377,sf_m_class_decay_boundary.csv,sf,0.4119354838709678,50.0,0.9590425531914892,50.0
23,46,3.48,4455,4318.4,103.16,1.29,0.2026,4295,4317.5,99.48,-0.21,0.8209,sf_m_class_decay_boundary.csv,sf,0.3575862068965517,50.0,0.9590425531914892,50.0
24,48,3.64,4637,4506.6,102.89,1.21,0.2366,4483,4505.9,99.49,-0.21,0.8367,sf_m_class_decay_boundary.csv,sf,0.3943333333333333,50.0,0.9590425531914892,50.0
25,50,3.79,4849,4695.1,103.28,1.4,0.172,4671,4693.7,99.52,-0.2,0.8337,sf_m_class_decay_boundary.csv,sf,0.3575862068965517,50.0,0.9590425531914892,50.0
26,52,3.94,5035,4882.6,103.12,1.36,0.1832,4864,4880.1,99.67,-0.14,0.8845,sf_m_class_decay_boundary.csv,sf,0.3575862068965517,50.0,0.9590425531914892,50.0
27,54,4.09,5218,5071.1,102.9,1.28,0.2074,5025,5068.5,99.14,-0.36,0.7119,sf_m_class_decay_boundary.csv,sf,0.3575862068965517,50.0,0.9590425531914892,50.0
28,56,4.24,5418,5258.0,103.04,1.36,0.183,5227,5255.1,99.47,-0.23,0.8093,sf_m_class_decay_boundary.csv,sf,0.3575862068965517,50.0,0.9590425531914892,50.0
29,58,4.39,5634,5444.6,103.48,1.57,0.1216,5426,5445.5,99.64,-0.16,0.8567,sf_m_class_decay_boundary.csv,sf,0.3575862068965517,50.0,0.9590425531914892,50.0
30,60,4.55,5806,5631.1,103.11,1.42,0.167,5616,5632.2,99.71,-0.12,0.8951,sf_m_class_decay_boundary.csv,sf,0.3575862068965517,50.0,0.9590425531914892,50.0
31,62,4.7,6002,5819.8,103.13,1.46,0.1484,5769,5819.4,99.13,-0.39,0.6997,sf_m_class_decay_boundary.csv,sf,0.3575862068965517,50.0,0.9590425531914892,50.0
32,64,4.85,6198,6008.7,103.15,1.47,0.1502,5949,6007.4,99.03,-0.43,0.6601,sf_m_class_decay_boundary.csv,sf,0.3575862068965517,50.0,0.9590425531914892,50.0
33,66,5.0,6380,6196.0,102.97,1.42,0.1646,6133,6195.6,98.99,-0.45,0.6447,sf_m_class_decay_boundary.csv,sf,0.3575862068965517,50.0,0.9590425531914892,50.0
34,68,5.15,6567,6386.1,102.83,1.36,0.1836,6321,6385.2,98.99,-0.45,0.6421,sf_m_class_decay_boundary.csv,sf,0.3575862068965517,50.0,0.9590425531914892,50.0
35,70,5.3,6763,6572.1,102.91,1.4,0.1628,6528,6570.6,99.35,-0.3,0.7593,sf_m_class_decay_boundary.csv,sf,0.3575862068965517,50.0,0.9590425531914892,50.0
36,72,5.45,6972,6757.6,103.17,1.57,0.1202,6700,6759.8,99.11,-0.41,0.6767,sf_m_class_decay_boundary.csv,sf,0.3575862068965517,50.0,0.9590425531914892,50.0
37,74,5.61,7164,6944.8,103.16,1.57,0.1222,6865,6946.6,98.83,-0.55,0.5829,sf_m_class_decay_boundary.csv,sf,0.3575862068965517,50.0,0.9590425531914892,50.0
38,76,5.76,7331,7136.9,102.72,1.37,0.1812,7059,7134.3,98.94,-0.5,0.6155,sf_m_class_decay_boundary.csv,sf,0.3575862068965517,50.0,0.9590425531914892,50.0
39,78,5.91,7509,7321.3,102.56,1.31,0.2,7232,7320.8,98.79,-0.58,0.5529,sf_m_class_decay_boundary.csv,sf,0.3575862068965517,50.0,0.9590425531914892,50.0
40,80,6.06,7721,7506.8,102.85,1.46,0.152,7397,7511.4,98.48,-0.74,0.4698,sf_m_class_decay_boundary.csv,sf,0.3575862068965517,50.0,0.9590425531914892,50.0
41,82,6.21,7906,7699.4,102.68,1.4,0.1724,7590,7700.4,98.57,-0.7,0.476,sf_m_class_decay_boundary.csv,sf,0.3575862068965517,50.0,0.9590425531914892,50.0
42,84,6.36,8107,7883.6,102.83,1.5,0.1442,7789,7884.0,98.8,-0.6,0.5577,sf_m_class_decay_boundary.csv,sf,0.3575862068965517,50.0,0.9590425531914892,50.0
43,86,6.52,8297,8073.5,102.77,1.47,0.146,7974,8074.7,98.75,-0.63,0.5157,sf_m_class_decay_boundary.csv,sf,0.3575862068965517,50.0,0.9590425531914892,50.0
44,88,6.67,8469,8260.3,102.53,1.36,0.1884,8144,8261.2,98.58,-0.72,0.469,sf_m_class_decay_boundary.csv,sf,0.3575862068965517,50.0,0.9590425531914892,50.0
45,90,6.82,8672,8449.6,102.63,1.45,0.1482,8332,8449.1,98.61,-0.71,0.4878,sf_m_class_decay_boundary.csv,sf,0.3575862068965517,50.0,0.9590425531914892,50.0
46,92,6.97,8862,8636.3,102.61,1.44,0.1554,8542,8642.1,98.84,-0.6,0.5513,sf_m_class_decay_boundary.csv,sf,0.3575862068965517,50.0,0.9590425531914892,50.0
47,94,7.12,9032,8822.4,102.38,1.33,0.1968,8743,8821.2,99.11,-0.46,0.6335,sf_m_class_decay_boundary.csv,sf,0.3575862068965517,50.0,0.9590425531914892,50.0
48,96,7.27,9241,9009.0,102.58,1.46,0.1574,8931,9011.9,99.1,-0.48,0.6283,sf_m_class_decay_boundary.csv,sf,0.3575862068965517,50.0,0.9590425531914892,50.0
49,98,7.42,9416,9198.2,102.37,1.36,0.1902,9114,9198.0,99.09,-0.49,0.6265,sf_m_class_decay_boundary.csv,sf,0.3575862068965517,50.0,0.9590425531914892,50.0
50,100,7.58,9602,9385.9,102.3,1.34,0.1924,9310,9389.6,99.15,-0.47,0.6317,sf_m_class_decay_boundary.csv,sf,0.3575862068965517,50.0,0.9590425531914892,50.0
1,2,0.15,17,16.6,102.26,0.09,0.9863,17,16.8,101.39,0.06,1.0,sf_x_class_decay_boundary.csv,sf,1.0,50.0,1.0,50.0
2,4,0.3,36,33.2,108.36,0.47,0.6797,25,33.3,75.02,-1.43,0.1762,sf_x_class_decay_boundary.csv,sf,1.0,50.0,0.8961842105263158,50.0
3,6,0.45,54,50.0,108.06,0.55,0.6307,48,50.1,95.87,-0.3,0.8201,sf_x_class_decay_boundary.csv,sf,1.0,50.0,0.9319318181818183,50.0
4,8,0.61,68,66.6,102.16,0.17,0.8917,68,66.6,102.07,0.17,0.8971,sf_x_class_decay_boundary.csv,sf,1.0,50.0,0.9726595744680852,50.0
5,10,0.76,85,83.3,102.07,0.18,0.8843,83,83.5,99.46,-0.05,1.0,sf_x_class_decay_boundary.csv,sf,1.0,50.0,1.0,50.0
6,12,0.91,104,99.9,104.13,0.37,0.7301,103,100.1,102.94,0.31,0.8029,sf_x_class_decay_boundary.csv,sf,1.0,50.0,0.9319318181818183,50.0
7,14,1.06,119,116.7,101.96,0.19,0.8495,122,116.8,104.43,0.49,0.6569,sf_x_class_decay_boundary.csv,sf,1.0,50.0,0.8961842105263158,50.0
8,16,1.21,138,133.3,103.52,0.36,0.7291,132,133.4,98.98,-0.12,0.9365,sf_x_class_decay_boundary.csv,sf,1.0,50.0,0.9755208333333334,50.0
9,18,1.36,149,150.1,99.29,-0.08,0.9879,143,150.2,95.23,-0.62,0.5791,sf_x_class_decay_boundary.csv,sf,1.0,50.0,0.8961842105263158,50.0
10,20,1.52,164,166.5,98.51,-0.17,0.9079,159,167.1,95.17,-0.65,0.5415,sf_x_class_decay_boundary.csv,sf,1.0,50.0,0.8961842105263158,50.0
11,22,1.67,183,183.2,99.9,-0.01,1.0,181,183.5,98.63,-0.19,0.8749,sf_x_class_decay_boundary.csv,sf,1.0,50.0,0.972111111111111,50.0
12,24,1.82,200,199.9,100.06,0.01,0.9969,196,200.4,97.79,-0.32,0.7739,sf_x_class_decay_boundary.csv,sf,1.0,50.0,0.9213095238095238,50.0
13,26,1.97,217,216.5,100.23,0.03,0.9811,215,217.1,99.05,-0.14,0.9143,sf_x_class_decay_boundary.csv,sf,1.0,50.0,0.9726595744680852,50.0
14,28,2.12,236,233.4,101.1,0.14,0.8893,222,233.7,94.98,-0.79,0.4512,sf_x_class_decay_boundary.csv,sf,1.0,50.0,0.8961842105263158,50.0
15,30,2.27,249,250.3,99.47,-0.07,0.9775,240,250.6,95.75,-0.69,0.5051,sf_x_class_decay_boundary.csv,sf,1.0,50.0,0.8961842105263158,50.0
16,32,2.42,261,266.4,97.96,-0.28,0.8113,253,267.3,94.66,-0.88,0.393,sf_x_class_decay_boundary.csv,sf,1.0,50.0,0.8961842105263158,50.0
17,34,2.58,279,283.3,98.48,-0.21,0.8757,272,284.1,95.76,-0.72,0.4816,sf_x_class_decay_boundary.csv,sf,1.0,50.0,0.8961842105263158,50.0
18,36,2.73,290,300.3,96.56,-0.49,0.6427,288,300.6,95.8,-0.73,0.476,sf_x_class_decay_boundary.csv,sf,1.0,50.0,0.8961842105263158,50.0
19,38,2.88,306,316.5,96.67,-0.49,0.6393,301,316.9,94.97,-0.88,0.3954,sf_x_class_decay_boundary.csv,sf,1.0,50.0,0.8961842105263158,50.0
20,40,3.03,320,333.6,95.92,-0.61,0.5581,311,333.8,93.16,-1.22,0.2342,sf_x_class_decay_boundary.csv,sf,1.0,50.0,0.8961842105263158,50.0
21,42,3.18,337,350.2,96.24,-0.58,0.5825,325,350.4,92.75,-1.31,0.2076,sf_x_class_decay_boundary.csv,sf,1.0,50.0,0.8961842105263158,50.0
22,44,3.33,355,366.6,96.83,-0.49,0.6405,341,367.2,92.85,-1.31,0.1998,sf_x_class_decay_boundary.csv,sf,1.0,50.0,0.8961842105263158,50.0
23,46,3.48,368,383.3,96.01,-0.62,0.5499,354,383.8,92.25,-1.47,0.1564,sf_x_class_decay_boundary.csv,sf,1.0,50.0,0.8961842105263158,50.0
24,48,3.64,385,400.4,96.15,-0.62,0.5525,378,400.4,94.4,-1.06,0.3018,sf_x_class_decay_boundary.csv,sf,1.0,50.0,0.8961842105263158,50.0
25,50,3.79,398,416.8,95.5,-0.73,0.4776,390,417.2,93.47,-1.26,0.223,sf_x_class_decay_boundary.csv,sf,1.0,50.0,0.8961842105263158,50.0
26,52,3.94,414,433.3,95.55,-0.74,0.4744,412,434.0,94.93,-1.0,0.3368,sf_x_class_decay_boundary.csv,sf,1.0,50.0,0.8961842105263158,50.0
27,54,4.09,435,450.7,96.53,-0.59,0.5711,429,450.9,95.15,-0.96,0.3562,sf_x_class_decay_boundary.csv,sf,1.0,50.0,0.8961842105263158,50.0
28,56,4.24,451,467.0,96.57,-0.58,0.5809,441,467.3,94.37,-1.14,0.269,sf_x_class_decay_boundary.csv,sf,1.0,50.0,0.8961842105263158,50.0
29,58,4.39,477,483.5,98.65,-0.23,0.8487,465,483.7,96.14,-0.79,0.4538,sf_x_class_decay_boundary.csv,sf,1.0,50.0,0.8961842105263158,50.0
30,60,4.55,493,500.2,98.56,-0.25,0.8445,480,500.8,95.85,-0.87,0.41,sf_x_class_decay_boundary.csv,sf,1.0,50.0,0.8961842105263158,50.0
31,62,4.7,509,517.0,98.45,-0.27,0.8215,496,517.4,95.87,-0.87,0.4074,sf_x_class_decay_boundary.csv,sf,1.0,50.0,0.8961842105263158,50.0
32,64,4.85,521,533.3,97.7,-0.41,0.7085,509,533.9,95.34,-0.98,0.349,sf_x_class_decay_boundary.csv,sf,1.0,50.0,0.8961842105263158,50.0
33,66,5.0,534,550.2,97.05,-0.53,0.6249,524,550.5,95.19,-1.02,0.3316,sf_x_class_decay_boundary.csv,sf,1.0,50.0,0.8961842105263158,50.0
34,68,5.15,554,567.3,97.66,-0.43,0.6817,541,567.1,95.39,-0.99,0.3482,sf_x_class_decay_boundary.csv,sf,1.0,50.0,0.8961842105263158,50.0
35,70,5.3,576,583.8,98.66,-0.25,0.8369,567,584.2,97.06,-0.64,0.5519,sf_x_class_decay_boundary.csv,sf,1.0,50.0,0.8961842105263158,50.0
36,72,5.45,600,600.5,99.92,-0.02,1.0,587,600.9,97.69,-0.51,0.6229,sf_x_class_decay_boundary.csv,sf,1.0,50.0,0.8961842105263158,50.0
37,74,5.61,612,616.8,99.22,-0.15,0.9185,605,617.6,97.97,-0.46,0.6541,sf_x_class_decay_boundary.csv,sf,1.0,50.0,0.8961842105263158,50.0
38,76,5.76,633,633.8,99.87,-0.02,1.0,625,633.9,98.59,-0.32,0.7503,sf_x_class_decay_boundary.csv,sf,1.0,50.0,0.915,50.0
39,78,5.91,647,650.2,99.52,-0.09,0.9489,641,650.7,98.51,-0.35,0.7291,sf_x_class_decay_boundary.csv,sf,1.0,50.0,0.9113749999999999,50.0
40,80,6.06,667,667.2,99.97,-0.01,1.0,655,667.5,98.12,-0.44,0.6649,sf_x_class_decay_boundary.csv,sf,1.0,50.0,0.8961842105263158,50.0
41,82,6.21,689,683.9,100.74,0.15,0.8747,670,684.4,97.9,-0.5,0.6367,sf_x_class_decay_boundary.csv,sf,1.0,50.0,0.8961842105263158,50.0
42,84,6.36,703,700.7,100.33,0.07,0.9455,688,701.1,98.13,-0.46,0.6705,sf_x_class_decay_boundary.csv,sf,1.0,50.0,0.8961842105263158,50.0
43,86,6.52,711,717.5,99.1,-0.18,0.8659,697,717.8,97.1,-0.71,0.486,sf_x_class_decay_boundary.csv,sf,1.0,50.0,0.8961842105263158,50.0
44,88,6.67,726,733.4,98.99,-0.21,0.8381,709,734.0,96.59,-0.83,0.4118,sf_x_class_decay_boundary.csv,sf,1.0,50.0,0.8961842105263158,50.0
45,90,6.82,742,750.9,98.82,-0.25,0.8179,723,750.6,96.32,-0.92,0.3792,sf_x_class_decay_boundary.csv,sf,1.0,50.0,0.8961842105263158,50.0
46,92,6.97,760,767.1,99.07,-0.2,0.8587,740,768.5,96.29,-0.94,0.3572,sf_x_class_decay_boundary.csv,sf,1.0,50.0,0.8961842105263158,50.0
47,94,7.12,787,783.9,100.4,0.09,0.9479,773,784.4,98.55,-0.37,0.7211,sf_x_class_decay_boundary.csv,sf,1.0,50.0,0.9113749999999999,50.0
48,96,7.27,808,800.1,100.98,0.21,0.8351,783,800.9,97.76,-0.57,0.5701,sf_x_class_decay_boundary.csv,sf,1.0,50.0,0.8961842105263158,50.0
49,98,7.42,820,817.3,100.33,0.07,0.9567,798,817.7,97.59,-0.62,0.5479,sf_x_class_decay_boundary.csv,sf,1.0,50.0,0.8961842105263158,50.0
50,100,7.58,835,833.3,100.21,0.05,0.9667,821,834.5,98.38,-0.43,0.6811,sf_x_class_decay_boundary.csv,sf,1.0,50.0,0.8961842105263158,50.0
1,2,0.15,10000,9993.0,100.07,0.06,0.9507,10028,9981.8,100.46,0.44,0.6639,sg_decay_boundary.csv,sg,0.9873,10.0,0.6639,10.0
2,4,0.3,19999,19983.4,100.08,0.1,0.9127,20280,19969.4,101.56,2.05,0.0438,sg_decay_boundary.csv,sg,0.9873,10.0,0.438,10.0
3,6,0.45,30012,29973.2,100.13,0.2,0.8369,30219,29946.5,100.91,1.38,0.1786,sg_decay_boundary.csv,sg,0.9873,10.0,0.6427777777777778,10.0
4,8,0.61,40015,39966.2,100.12,0.21,0.8105,40153,39934.1,100.55,0.92,0.3556,sg_decay_boundary.csv,sg,0.9873,10.0,0.6427777777777778,10.0
5,10,0.76,49890,49953.5,99.87,-0.24,0.8289,50162,49915.5,100.49,0.91,0.3574,sg_decay_boundary.csv,sg,0.9873,10.0,0.6427777777777778,10.0
6,12,0.91,60000,59950.0,100.08,0.16,0.8575,60205,59898.2,100.51,0.99,0.3124,sg_decay_boundary.csv,sg,0.9873,10.0,0.6427777777777778,10.0
7,14,1.06,69925,69937.5,99.98,-0.04,0.9861,70106,69884.8,100.32,0.63,0.5173,sg_decay_boundary.csv,sg,0.9873,10.0,0.6427777777777778,10.0
8,16,1.21,79939,79931.2,100.01,0.02,0.9873,80120,79865.5,100.32,0.65,0.5257,sg_decay_boundary.csv,sg,0.9873,10.0,0.6427777777777778,10.0
9,18,1.36,90013,89932.4,100.09,0.18,0.8603,90097,89858.3,100.27,0.54,0.5785,sg_decay_boundary.csv,sg,0.9873,10.0,0.6427777777777778,10.0
10,20,1.52,99993,99912.2,100.08,0.17,0.8701,100146,99836.3,100.31,0.62,0.5229,sg_decay_boundary.csv,sg,0.9873,10.0,0.6427777777777778,10.0
1,2,0.15,720,704.3,102.23,0.59,0.5709,700,703.7,99.48,-0.14,0.9085,sg_large_500-2000_decay_boundary.csv,sg,1.0,10.0,0.9892999999999998,10.0
2,4,0.3,1470,1409.0,104.33,1.59,0.1078,1467,1408.1,104.19,1.56,0.1294,sg_large_500-2000_decay_boundary.csv,sg,0.9650000000000001,10.0,0.9892999999999998,10.0
3,6,0.45,2145,2113.5,101.49,0.67,0.5063,2155,2111.2,102.07,0.92,0.3658,sg_large_500-2000_decay_boundary.csv,sg,1.0,10.0,0.9892999999999998,10.0
4,8,0.61,2891,2817.4,102.61,1.32,0.193,2861,2816.2,101.59,0.81,0.4288,sg_large_500-2000_decay_boundary.csv,sg,0.9650000000000001,10.0,0.9892999999999998,10.0
5,10,0.76,3538,3521.8,100.46,0.25,0.8311,3551,3519.1,100.91,0.51,0.6295,sg_large_500-2000_decay_boundary.csv,sg,1.0,10.0,0.9892999999999998,10.0
6,12,0.91,4226,4225.7,100.01,0.0,0.9861,4254,4224.5,100.7,0.42,0.6819,sg_large_500-2000_decay_boundary.csv,sg,1.0,10.0,0.9892999999999998,10.0
7,14,1.06,4960,4929.1,100.63,0.39,0.7301,4962,4927.0,100.71,0.44,0.6817,sg_large_500-2000_decay_boundary.csv,sg,1.0,10.0,0.9892999999999998,10.0
8,16,1.21,5632,5634.5,99.96,-0.03,0.9563,5634,5630.3,100.07,0.04,0.9893,sg_large_500-2000_decay_boundary.csv,sg,1.0,10.0,0.9892999999999998,10.0
9,18,1.36,6344,6339.8,100.07,0.04,0.9861,6346,6337.2,100.14,0.09,0.9541,sg_large_500-2000_decay_boundary.csv,sg,1.0,10.0,0.9892999999999998,10.0
10,20,1.52,7048,7042.7,100.07,0.05,1.0,7003,7039.9,99.48,-0.33,0.7179,sg_large_500-2000_decay_boundary.csv,sg,1.0,10.0,0.9892999999999998,10.0
1,2,0.15,3332,3380.2,98.57,-0.82,0.4206,3431,3378.3,101.56,0.88,0.381,sg_medium_100-500_decay_boundary.csv,sg,0.8874999999999998,10.0,0.925875,10.0
2,4,0.3,6752,6759.2,99.89,-0.08,0.9585,6880,6757.9,101.81,1.44,0.1508,sg_medium_100-500_decay_boundary.csv,sg,0.9585000000000001,10.0,0.925875,10.0
3,6,0.45,10151,10138.0,100.13,0.12,0.8975,10202,10135.7,100.65,0.64,0.5245,sg_medium_100-500_decay_boundary.csv,sg,0.9585000000000001,10.0,0.925875,10.0
4,8,0.61,13561,13519.7,100.31,0.35,0.7359,13586,13515.3,100.52,0.6,0.5673,sg_medium_100-500_decay_boundary.csv,sg,0.919875,10.0,0.925875,10.0
5,10,0.76,16949,16896.9,100.31,0.39,0.6965,16896,16894.6,100.01,0.01,0.9919,sg_medium_100-500_decay_boundary.csv,sg,0.919875,10.0,0.9919,10.0
6,12,0.91,20401,20277.1,100.61,0.84,0.3884,20327,20271.4,100.27,0.37,0.7147,sg_medium_100-500_decay_boundary.csv,sg,0.8874999999999998,10.0,0.925875,10.0
7,14,1.06,23757,23656.8,100.42,0.6,0.5325,23627,23651.7,99.9,-0.15,0.8971,sg_medium_100-500_decay_boundary.csv,sg,0.8874999999999998,10.0,0.9919,10.0
8,16,1.21,27197,27038.5,100.59,0.85,0.391,26893,27027.4,99.5,-0.72,0.4702,sg_medium_100-500_decay_boundary.csv,sg,0.8874999999999998,10.0,0.925875,10.0
9,18,1.36,30587,30420.9,100.55,0.8,0.4272,30276,30412.7,99.55,-0.64,0.5253,sg_medium_100-500_decay_boundary.csv,sg,0.8874999999999998,10.0,0.925875,10.0
10,20,1.52,33965,33793.7,100.51,0.75,0.4598,33710,33790.8,99.76,-0.34,0.7407,sg_medium_100-500_decay_boundary.csv,sg,0.8874999999999998,10.0,0.925875,10.0
1,2,0.15,5925,5884.0,100.7,0.52,0.6013,5877,5875.2,100.03,0.02,0.9701,sg_small_lt100_decay_boundary.csv,sg,0.8285555555555556,10.0,0.9701000000000001,10.0
2,4,0.3,11726,11766.3,99.66,-0.36,0.7329,11886,11754.4,101.12,1.21,0.232,sg_small_lt100_decay_boundary.csv,sg,0.8285555555555556,10.0,0.3457142857142857,10.0
3,6,0.45,17634,17648.2,99.92,-0.1,0.9349,17795,17626.1,100.96,1.23,0.221,sg_small_lt100_decay_boundary.csv,sg,0.9349000000000001,10.0,0.3457142857142857,10.0
4,8,0.61,23461,23531.0,99.7,-0.43,0.6811,23621,23504.5,100.5,0.72,0.4766,sg_small_lt100_decay_boundary.csv,sg,0.8285555555555556,10.0,0.5295555555555556,10.0
5,10,0.76,29269,29412.1,99.51,-0.78,0.443,29619,29379.2,100.82,1.32,0.197,sg_small_lt100_decay_boundary.csv,sg,0.8285555555555556,10.0,0.3457142857142857,10.0
6,12,0.91,35215,35300.3,99.76,-0.42,0.7073,35498,35255.4,100.69,1.18,0.242,sg_small_lt100_decay_boundary.csv,sg,0.8285555555555556,10.0,0.3457142857142857,10.0
7,14,1.06,41019,41180.0,99.61,-0.71,0.4884,41375,41134.6,100.58,1.06,0.2932,sg_small_lt100_decay_boundary.csv,sg,0.8285555555555556,10.0,0.36650000000000005,10.0
8,16,1.21,46904,47062.2,99.66,-0.62,0.5545,47425,47011.8,100.88,1.64,0.0902,sg_small_lt100_decay_boundary.csv,sg,0.8285555555555556,10.0,0.3457142857142857,10.0
9,18,1.36,52850,52951.4,99.81,-0.36,0.7419,53283,52888.1,100.75,1.42,0.1566,sg_small_lt100_decay_boundary.csv,sg,0.8285555555555556,10.0,0.3457142857142857,10.0
10,20,1.52,58721,58830.9,99.81,-0.36,0.7457,59219,58760.8,100.78,1.49,0.1328,sg_small_lt100_decay_boundary.csv,sg,0.8285555555555556,10.0,0.3457142857142857,10.0
1,2,0.15,23,24.5,93.75,-0.31,0.8609,20,24.6,81.45,-0.92,0.4302,sg_xlarge_gt2000_decay_boundary.csv,sg,0.8609,10.0,0.5262222222222223,10.0
2,4,0.3,51,49.0,104.09,0.31,0.8049,47,49.0,95.87,-0.29,0.8359,sg_xlarge_gt2000_decay_boundary.csv,sg,0.8609,10.0,0.8359,10.0
3,6,0.45,82,73.5,111.6,1.11,0.291,67,73.4,91.28,-0.78,0.4736,sg_xlarge_gt2000_decay_boundary.csv,sg,0.6531428571428571,10.0,0.5262222222222223,10.0
4,8,0.61,102,98.1,104.0,0.46,0.6891,85,98.2,86.58,-1.42,0.166,sg_xlarge_gt2000_decay_boundary.csv,sg,0.8609,10.0,0.23714285714285716,10.0
5,10,0.76,134,122.7,109.25,1.2,0.2596,96,122.5,78.34,-2.59,0.005,sg_xlarge_gt2000_decay_boundary.csv,sg,0.6531428571428571,10.0,0.05,10.0
6,12,0.91,158,147.0,107.46,1.08,0.3048,126,146.9,85.74,-1.82,0.0704,sg_xlarge_gt2000_decay_boundary.csv,sg,0.6531428571428571,10.0,0.11733333333333335,10.0
7,14,1.06,189,171.5,110.19,1.53,0.1322,142,171.6,82.77,-2.34,0.0138,sg_xlarge_gt2000_decay_boundary.csv,sg,0.6531428571428571,10.0,0.069,10.0
8,16,1.21,206,196.0,105.11,0.78,0.4572,168,195.9,85.75,-1.99,0.0464,sg_xlarge_gt2000_decay_boundary.csv,sg,0.6531428571428571,10.0,0.11733333333333335,10.0
9,18,1.36,232,220.4,105.26,0.82,0.4342,192,220.4,87.13,-1.84,0.0634,sg_xlarge_gt2000_decay_boundary.csv,sg,0.6531428571428571,10.0,0.11733333333333335,10.0
10,20,1.52,259,244.9,105.74,0.9,0.4,214,244.8,87.43,-1.83,0.0664,sg_xlarge_gt2000_decay_boundary.csv,sg,0.6531428571428571,10.0,0.11733333333333335,10.0
