Planet,Angle_Center,Ratio,Z_score,p_val,q_planet,n_planet,q_all_bins,n_all_bins,In_Conjunction_Band
Jupiter,-175.0,106.03,0.81,0.5617438256174383,0.8939448912251633,36.0,0.9660748210893196,108,False
Jupiter,-165.0,106.16,0.83,0.5543445655434457,0.8939448912251633,36.0,0.9660748210893196,108,False
Jupiter,-155.0,108.2,1.1,0.3453654634536546,0.8939448912251633,36.0,0.9660748210893196,108,False
Jupiter,-145.0,108.45,1.14,0.3171682831716828,0.8939448912251633,36.0,0.9660748210893196,108,False
Jupiter,-135.0,109.34,1.26,0.2281771822817718,0.8939448912251633,36.0,0.9660748210893196,108,False
Jupiter,-125.0,105.77,0.78,0.55994400559944,0.8939448912251633,36.0,0.9660748210893196,108,False
Jupiter,-115.0,101.85,0.25,0.8635136486351365,0.8939448912251633,36.0,1.0,108,False
Jupiter,-105.0,102.14,0.29,0.8375162483751625,0.8939448912251633,36.0,1.0,108,False
Jupiter,-95.0,106.55,0.89,0.4621537846215378,0.8939448912251633,36.0,0.9660748210893196,108,False
Jupiter,-85.0,109.14,1.26,0.2421757824217578,0.8939448912251633,36.0,0.9660748210893196,108,False
Jupiter,-75.0,103.78,0.51,0.6327367263273672,0.8939448912251633,36.0,1.0,108,False
Jupiter,-65.0,111.13,1.56,0.1173882611738826,0.8939448912251633,36.0,0.9660748210893196,108,False
Jupiter,-55.0,106.32,0.88,0.4105589441055894,0.8939448912251633,36.0,0.9660748210893196,108,False
Jupiter,-45.0,97.01,-0.42,0.7581241875812419,0.8939448912251633,36.0,1.0,108,False
Jupiter,-35.0,97.19,-0.4,0.7755224477552245,0.8939448912251633,36.0,1.0,108,False
Jupiter,-25.0,94.22,-0.81,0.5013498650134987,0.8939448912251633,36.0,0.9660748210893196,108,False
Jupiter,-15.0,97.62,-0.33,0.8151184881511849,0.8939448912251633,36.0,1.0,108,True
Jupiter,-5.0,98.16,-0.26,0.8639136086391361,0.8939448912251633,36.0,1.0,108,True
Jupiter,5.0,95.81,-0.58,0.6397360263973603,0.8939448912251633,36.0,1.0,108,True
Jupiter,15.0,100.84,0.12,0.9151084891510848,0.9151084891510847,36.0,1.0,108,True
Jupiter,25.0,98.14,-0.26,0.8397160283971603,0.8939448912251633,36.0,1.0,108,False
Jupiter,35.0,94.49,-0.75,0.5635436456354365,0.8939448912251633,36.0,0.9660748210893196,108,False
Jupiter,45.0,94.77,-0.71,0.5867413258674132,0.8939448912251633,36.0,0.9901259874012598,108,False
Jupiter,55.0,90.28,-1.32,0.2107789221077892,0.8939448912251633,36.0,0.9660748210893196,108,False
Jupiter,65.0,93.8,-0.84,0.5275472452754725,0.8939448912251633,36.0,0.9660748210893196,108,False
Jupiter,75.0,89.33,-1.45,0.1621837816218378,0.8939448912251633,36.0,0.9660748210893196,108,False
Jupiter,85.0,88.91,-1.49,0.1343865613438656,0.8939448912251633,36.0,0.9660748210893196,108,False
Jupiter,95.0,90.63,-1.26,0.2597740225977402,0.8939448912251633,36.0,0.9660748210893196,108,False
Jupiter,105.0,93.74,-0.84,0.5527447255274472,0.8939448912251633,36.0,0.9660748210893196,108,False
Jupiter,115.0,89.21,-1.45,0.1481851814818518,0.8939448912251633,36.0,0.9660748210893196,108,False
Jupiter,125.0,90.21,-1.31,0.2323767623237676,0.8939448912251633,36.0,0.9660748210893196,108,False
Jupiter,135.0,103.71,0.49,0.7263273672632736,0.8939448912251633,36.0,1.0,108,False
Jupiter,145.0,97.75,-0.3,0.7953204679532047,0.8939448912251633,36.0,1.0,108,False
Jupiter,155.0,101.63,0.22,0.8691130886911309,0.8939448912251633,36.0,1.0,108,False
Jupiter,165.0,106.86,0.91,0.487951204879512,0.8939448912251633,36.0,0.9660748210893196,108,False
Jupiter,175.0,110.86,1.46,0.1261873812618738,0.8939448912251633,36.0,0.9660748210893196,108,False
Mars,-175.0,100.46,0.07,0.9209079092090792,1.0,36.0,1.0,108,False
Mars,-165.0,98.74,-0.18,0.8963103689631037,1.0,36.0,1.0,108,False
Mars,-155.0,106.23,0.91,0.366963303669633,0.8292670732926707,36.0,0.9660748210893196,108,False
Mars,-145.0,100.37,0.05,0.9243075692430756,1.0,36.0,1.0,108,False
Mars,-135.0,100.04,0.01,0.9545045495450456,1.0,36.0,1.0,108,False
Mars,-125.0,95.15,-0.69,0.45995400459954,0.9199080091990799,36.0,0.9660748210893196,108,False
Mars,-115.0,97.57,-0.34,0.7329267073292671,1.0,36.0,1.0,108,False
Mars,-105.0,86.19,-1.91,0.0815918408159184,0.7040895910408959,36.0,0.9660748210893196,108,False
Mars,-95.0,85.59,-2.02,0.0715928407159284,0.7040895910408959,36.0,0.9660748210893196,108,False
Mars,-85.0,87.68,-1.74,0.0977902209779022,0.7040895910408959,36.0,0.9660748210893196,108,False
Mars,-75.0,93.08,-0.98,0.3195680431956804,0.8292670732926707,36.0,0.9660748210893196,108,False
Mars,-65.0,97.47,-0.36,0.7067293270672933,1.0,36.0,1.0,108,False
Mars,-55.0,93.0,-1.04,0.3061693830616938,0.8292670732926707,36.0,0.9660748210893196,108,False
Mars,-45.0,92.66,-1.1,0.2937706229377062,0.8292670732926707,36.0,0.9660748210893196,108,False
Mars,-35.0,98.48,-0.23,0.8577142285771423,1.0,36.0,1.0,108,False
Mars,-25.0,105.29,0.82,0.3671632836716328,0.8292670732926707,36.0,0.9660748210893196,108,False
Mars,-15.0,99.98,-0.0,0.9883011698830118,1.0,36.0,1.0,108,True
Mars,-5.0,113.47,2.1,0.0571942805719428,0.7040895910408959,36.0,0.9660748210893196,108,True
Mars,5.0,113.95,2.22,0.0507949205079492,0.7040895910408959,36.0,0.9660748210893196,108,True
Mars,15.0,109.3,1.51,0.1481851814818518,0.8166040538803261,36.0,0.9660748210893196,108,True
Mars,25.0,108.84,1.46,0.1587841215878412,0.8166040538803261,36.0,0.9660748210893196,108,False
Mars,35.0,96.27,-0.62,0.5529447055294471,1.0,36.0,0.9660748210893196,108,False
Mars,45.0,104.35,0.72,0.4301569843015698,0.9109206726386184,36.0,0.9660748210893196,108,False
Mars,55.0,105.89,0.96,0.3017698230176982,0.8292670732926707,36.0,0.9660748210893196,108,False
Mars,65.0,100.5,0.08,0.8459154084591541,1.0,36.0,1.0,108,False
Mars,75.0,100.4,0.06,0.8515148485151485,1.0,36.0,1.0,108,False
Mars,85.0,99.52,-0.07,0.999900009999,1.0,36.0,1.0,108,False
Mars,95.0,101.14,0.17,0.8037196280371963,1.0,36.0,1.0,108,False
Mars,105.0,100.82,0.13,0.8729127087291271,1.0,36.0,1.0,108,False
Mars,115.0,100.05,0.01,1.0,1.0,36.0,1.0,108,False
Mars,125.0,101.78,0.28,0.8063193680631937,1.0,36.0,1.0,108,False
Mars,135.0,102.75,0.42,0.6625337466253375,1.0,36.0,1.0,108,False
Mars,145.0,98.18,-0.28,0.7587241275872413,1.0,36.0,1.0,108,False
Mars,155.0,106.08,0.9,0.3421657834216578,0.8292670732926707,36.0,0.9660748210893196,108,False
Mars,165.0,92.52,-1.1,0.251974802519748,0.8292670732926707,36.0,0.9660748210893196,108,False
Mars,175.0,106.26,0.9,0.3685631436856314,0.8292670732926707,36.0,0.9660748210893196,108,False
Venus,-175.0,108.08,1.27,0.2093790620937906,0.8649420772208494,36.0,0.9660748210893196,108,False
Venus,-165.0,104.64,0.72,0.4991500849915009,0.8649420772208494,36.0,0.9660748210893196,108,False
Venus,-155.0,108.88,1.37,0.1671832816718328,0.8649420772208494,36.0,0.9660748210893196,108,False
Venus,-145.0,100.57,0.09,0.9627037296270372,0.9973002699730027,36.0,1.0,108,False
Venus,-135.0,101.89,0.29,0.8127187281271873,0.9973002699730027,36.0,1.0,108,False
Venus,-125.0,101.7,0.26,0.8147185281471853,0.9973002699730027,36.0,1.0,108,False
Venus,-115.0,102.43,0.38,0.7241275872412759,0.9973002699730027,36.0,1.0,108,False
Venus,-105.0,100.66,0.1,0.9653034696530348,0.9973002699730027,36.0,1.0,108,False
Venus,-95.0,90.52,-1.48,0.1515848415158484,0.8649420772208494,36.0,0.9660748210893196,108,False
Venus,-85.0,84.47,-2.41,0.0073992600739926,0.26637336266373357,36.0,0.7991200879912008,108,False
Venus,-75.0,92.88,-1.1,0.3047695230476952,0.8649420772208494,36.0,0.9660748210893196,108,False
Venus,-65.0,90.26,-1.5,0.1393860613938606,0.8649420772208494,36.0,0.9660748210893196,108,False
Venus,-55.0,94.88,-0.81,0.4365563443655634,0.8649420772208494,36.0,0.9660748210893196,108,False
Venus,-45.0,92.76,-1.13,0.2917708229177082,0.8649420772208494,36.0,0.9660748210893196,108,False
Venus,-35.0,104.61,0.74,0.4563543645635436,0.8649420772208494,36.0,0.9660748210893196,108,False
Venus,-25.0,100.44,0.07,0.9703029697030296,0.9973002699730027,36.0,1.0,108,False
Venus,-15.0,100.15,0.02,0.9973002699730028,0.9973002699730027,36.0,1.0,108,True
Venus,-5.0,114.32,2.25,0.026997300269973,0.485951404859514,36.0,0.9660748210893196,108,True
Venus,5.0,108.29,1.31,0.183981601839816,0.8649420772208494,36.0,0.9660748210893196,108,True
Venus,15.0,105.42,0.86,0.3875612438756124,0.8649420772208494,36.0,0.9660748210893196,108,True
Venus,25.0,94.28,-0.91,0.3785621437856214,0.8649420772208494,36.0,0.9660748210893196,108,False
Venus,35.0,100.02,0.0,0.9747025297470252,0.9973002699730027,36.0,1.0,108,False
Venus,45.0,106.02,0.97,0.3281671832816718,0.8649420772208494,36.0,0.9660748210893196,108,False
Venus,55.0,102.64,0.43,0.7183281671832816,0.9973002699730027,36.0,1.0,108,False
Venus,65.0,104.24,0.68,0.5045495450454954,0.8649420772208494,36.0,0.9660748210893196,108,False
Venus,75.0,94.82,-0.81,0.4363563643635636,0.8649420772208494,36.0,0.9660748210893196,108,False
Venus,85.0,96.19,-0.6,0.5521447855214479,0.9035096490350966,36.0,0.9660748210893196,108,False
Venus,95.0,90.8,-1.47,0.174982501749825,0.8649420772208494,36.0,0.9660748210893196,108,False
Venus,105.0,98.17,-0.29,0.7883211678832117,0.9973002699730027,36.0,1.0,108,False
Venus,115.0,101.28,0.2,0.8881111888811118,0.9973002699730027,36.0,1.0,108,False
Venus,125.0,102.94,0.47,0.6741325867413258,0.9973002699730027,36.0,1.0,108,False
Venus,135.0,99.18,-0.13,0.8905109489051095,0.9973002699730027,36.0,1.0,108,False
Venus,145.0,92.73,-1.15,0.2741725827417258,0.8649420772208494,36.0,0.9660748210893196,108,False
Venus,155.0,104.59,0.72,0.4947505249475052,0.8649420772208494,36.0,0.9660748210893196,108,False
Venus,165.0,97.42,-0.4,0.6925307469253075,0.9973002699730027,36.0,1.0,108,False
Venus,175.0,106.82,1.06,0.3043695630436956,0.8649420772208494,36.0,0.9660748210893196,108,False
