Source_File,Domain,Window,N_Subsets,N_Conj_raw_lt_0p05,N_Conj_q_window_lt_0p05,N_Opp_raw_lt_0p05,N_Opp_q_window_lt_0p05,N_Combined_q_lt_0p05
sf_B_Class_subset_scan_no_earth.csv,sf,1,127,2,0,21,0,0
sf_B_Class_subset_scan_no_earth.csv,sf,2,127,5,0,10,0,0
sf_B_Class_subset_scan_no_earth.csv,sf,3,127,8,0,7,0,0
sf_B_Class_subset_scan_no_earth.csv,sf,4,127,11,0,0,0,0
sf_B_Class_subset_scan_no_earth.csv,sf,5,127,18,0,0,0,0
sf_C_Class_SC21_subset_scan_no_earth.csv,sf,1,127,0,0,0,0,0
sf_C_Class_SC21_subset_scan_no_earth.csv,sf,2,127,0,0,0,0,0
sf_C_Class_SC21_subset_scan_no_earth.csv,sf,3,127,0,0,0,0,0
sf_C_Class_SC22_subset_scan_no_earth.csv,sf,1,127,1,0,6,0,0
sf_C_Class_SC22_subset_scan_no_earth.csv,sf,2,127,9,0,0,0,0
sf_C_Class_SC22_subset_scan_no_earth.csv,sf,3,127,4,0,0,0,0
sf_C_Class_SC23_subset_scan_no_earth.csv,sf,1,127,6,0,4,0,0
sf_C_Class_SC23_subset_scan_no_earth.csv,sf,2,127,7,0,4,0,0
sf_C_Class_SC23_subset_scan_no_earth.csv,sf,3,127,1,0,8,0,0
sf_C_Class_SC24_subset_scan_no_earth.csv,sf,1,127,60,0,7,0,0
sf_C_Class_SC24_subset_scan_no_earth.csv,sf,2,127,74,64,8,0,58
sf_C_Class_SC24_subset_scan_no_earth.csv,sf,3,127,64,64,8,0,68
sf_C_Class_subset_scan_no_earth.csv,sf,1,127,28,0,2,0,0
sf_C_Class_subset_scan_no_earth.csv,sf,2,127,72,59,0,0,43
sf_C_Class_subset_scan_no_earth.csv,sf,3,127,45,26,1,0,13
sf_C_Class_subset_scan_no_earth.csv,sf,4,127,36,17,0,0,9
sf_C_Class_subset_scan_no_earth.csv,sf,5,127,45,28,0,0,16
sf_M_Class_subset_scan_no_earth.csv,sf,1,127,0,0,48,0,0
sf_M_Class_subset_scan_no_earth.csv,sf,2,127,0,0,15,0,0
sf_M_Class_subset_scan_no_earth.csv,sf,3,127,3,0,8,0,0
sf_M_Class_subset_scan_no_earth.csv,sf,4,127,0,0,3,0,0
sf_M_Class_subset_scan_no_earth.csv,sf,5,127,0,0,0,0,0
sf_SC21_subset_scan_no_earth.csv,sf,1,127,0,0,0,0,0
sf_SC21_subset_scan_no_earth.csv,sf,2,127,0,0,1,0,0
sf_SC21_subset_scan_no_earth.csv,sf,3,127,0,0,0,0,0
sf_SC22_subset_scan_no_earth.csv,sf,1,127,0,0,9,0,0
sf_SC22_subset_scan_no_earth.csv,sf,2,127,0,0,0,0,0
sf_SC22_subset_scan_no_earth.csv,sf,3,127,5,0,0,0,0
sf_SC23_subset_scan_no_earth.csv,sf,1,127,12,0,6,0,0
sf_SC23_subset_scan_no_earth.csv,sf,2,127,15,0,7,0,0
sf_SC23_subset_scan_no_earth.csv,sf,3,127,14,0,11,0,0
sf_SC24_subset_scan_no_earth.csv,sf,1,127,38,0,3,0,0
sf_SC24_subset_scan_no_earth.csv,sf,2,127,62,0,4,0,0
sf_SC24_subset_scan_no_earth.csv,sf,3,127,64,63,15,0,0
sf_X_Class_subset_scan_no_earth.csv,sf,1,127,1,0,0,0,0
sf_X_Class_subset_scan_no_earth.csv,sf,2,127,0,0,0,0,0
sf_X_Class_subset_scan_no_earth.csv,sf,3,127,0,0,0,0,0
sf_X_Class_subset_scan_no_earth.csv,sf,4,127,0,0,0,0,0
sf_X_Class_subset_scan_no_earth.csv,sf,5,127,0,0,0,0,0
sf_subset_scan_no_earth.csv,sf,1,127,26,0,6,0,0
sf_subset_scan_no_earth.csv,sf,2,127,60,32,2,0,13
sf_subset_scan_no_earth.csv,sf,3,127,49,21,12,0,0
sf_subset_scan_no_earth.csv,sf,4,127,44,17,1,0,2
sf_subset_scan_no_earth.csv,sf,5,127,46,28,0,0,20
sg_Large_500-2000_subset_scan_no_earth.csv,sg,1,127,2,0,0,0,0
sg_Large_500-2000_subset_scan_no_earth.csv,sg,2,127,9,0,13,0,0
sg_Large_500-2000_subset_scan_no_earth.csv,sg,3,127,2,0,2,0,0
sg_Large_500-2000_subset_scan_no_earth.csv,sg,4,127,7,0,3,0,0
sg_Large_500-2000_subset_scan_no_earth.csv,sg,5,127,0,0,0,0,0
sg_SC12_subset_scan_no_earth.csv,sg,1,127,61,39,0,0,11
sg_SC12_subset_scan_no_earth.csv,sg,2,127,53,23,0,0,15
sg_SC12_subset_scan_no_earth.csv,sg,3,127,7,0,0,0,0
sg_SC13_subset_scan_no_earth.csv,sg,1,127,8,0,5,0,0
sg_SC13_subset_scan_no_earth.csv,sg,2,127,5,0,0,0,0
sg_SC13_subset_scan_no_earth.csv,sg,3,127,0,0,0,0,0
sg_SC14_subset_scan_no_earth.csv,sg,1,127,0,0,1,0,0
sg_SC14_subset_scan_no_earth.csv,sg,2,127,0,0,0,0,0
sg_SC14_subset_scan_no_earth.csv,sg,3,127,0,0,2,0,0
sg_SC15_subset_scan_no_earth.csv,sg,1,127,3,0,3,0,0
sg_SC15_subset_scan_no_earth.csv,sg,2,127,2,0,10,0,0
sg_SC15_subset_scan_no_earth.csv,sg,3,127,0,0,0,0,0
sg_SC16_subset_scan_no_earth.csv,sg,1,127,10,0,1,0,0
sg_SC16_subset_scan_no_earth.csv,sg,2,127,6,0,0,0,0
sg_SC16_subset_scan_no_earth.csv,sg,3,127,3,0,2,0,0
sg_SC17_subset_scan_no_earth.csv,sg,1,127,3,0,9,0,0
sg_SC17_subset_scan_no_earth.csv,sg,2,127,0,0,7,0,0
sg_SC17_subset_scan_no_earth.csv,sg,3,127,0,0,6,0,0
sg_SC18_subset_scan_no_earth.csv,sg,1,127,0,0,9,0,0
sg_SC18_subset_scan_no_earth.csv,sg,2,127,0,0,14,0,0
sg_SC18_subset_scan_no_earth.csv,sg,3,127,1,0,33,0,0
sg_SC19_subset_scan_no_earth.csv,sg,1,127,0,0,0,0,0
sg_SC19_subset_scan_no_earth.csv,sg,2,127,0,0,0,0,0
sg_SC19_subset_scan_no_earth.csv,sg,3,127,0,0,0,0,0
sg_SC20_subset_scan_no_earth.csv,sg,1,127,47,0,1,0,0
sg_SC20_subset_scan_no_earth.csv,sg,2,127,56,0,5,0,0
sg_SC20_subset_scan_no_earth.csv,sg,3,127,34,0,8,0,0
sg_SC21_subset_scan_no_earth.csv,sg,1,127,0,0,0,0,0
sg_SC21_subset_scan_no_earth.csv,sg,2,127,7,0,39,0,0
sg_SC21_subset_scan_no_earth.csv,sg,3,127,1,0,35,0,0
sg_SC22_subset_scan_no_earth.csv,sg,1,127,0,0,4,0,0
sg_SC22_subset_scan_no_earth.csv,sg,2,127,18,0,33,0,0
sg_SC22_subset_scan_no_earth.csv,sg,3,127,19,0,32,0,0
sg_SC23_subset_scan_no_earth.csv,sg,1,127,0,0,21,0,0
sg_SC23_subset_scan_no_earth.csv,sg,2,127,0,0,9,0,0
sg_SC23_subset_scan_no_earth.csv,sg,3,127,0,0,3,0,0
sg_SC24_subset_scan_no_earth.csv,sg,1,127,0,0,0,0,0
sg_SC24_subset_scan_no_earth.csv,sg,2,127,0,0,0,0,0
sg_SC24_subset_scan_no_earth.csv,sg,3,127,0,0,2,0,0
sg_SC25_subset_scan_no_earth.csv,sg,1,127,0,0,5,0,0
sg_SC25_subset_scan_no_earth.csv,sg,2,127,0,0,1,0,0
sg_SC25_subset_scan_no_earth.csv,sg,3,127,0,0,1,0,0
sg_XLarge_gt2000_subset_scan_no_earth.csv,sg,1,127,0,0,0,0,0
sg_XLarge_gt2000_subset_scan_no_earth.csv,sg,2,127,0,0,1,0,0
sg_XLarge_gt2000_subset_scan_no_earth.csv,sg,3,127,0,0,8,0,0
sg_XLarge_gt2000_subset_scan_no_earth.csv,sg,4,127,0,0,16,0,0
sg_XLarge_gt2000_subset_scan_no_earth.csv,sg,5,127,0,0,54,25,22
sg_daily_subset_scan_no_earth.csv,sg,1,127,12,0,2,0,0
sg_daily_subset_scan_no_earth.csv,sg,2,127,1,0,40,1,0
sg_daily_subset_scan_no_earth.csv,sg,3,127,0,0,37,6,0
sg_daily_subset_scan_no_earth.csv,sg,4,127,0,0,34,0,0
sg_daily_subset_scan_no_earth.csv,sg,5,127,0,0,28,0,0
sg_dissipation_subset_scan_no_earth.csv,sg,1,127,8,0,0,0,0
sg_dissipation_subset_scan_no_earth.csv,sg,2,127,5,0,7,0,0
sg_dissipation_subset_scan_no_earth.csv,sg,3,127,2,0,4,0,0
sg_dissipation_subset_scan_no_earth.csv,sg,4,127,4,0,7,0,0
sg_dissipation_subset_scan_no_earth.csv,sg,5,127,4,0,1,0,0
sg_duration_subset_scan_no_earth.csv,sg,1,127,0,0,0,0,0
sg_duration_subset_scan_no_earth.csv,sg,2,127,6,0,22,0,0
sg_duration_subset_scan_no_earth.csv,sg,3,127,0,0,7,0,0
sg_duration_subset_scan_no_earth.csv,sg,4,127,1,0,14,0,0
sg_duration_subset_scan_no_earth.csv,sg,5,127,0,0,21,0,0
sg_onset_subset_scan_no_earth.csv,sg,1,127,0,0,0,0,0
sg_onset_subset_scan_no_earth.csv,sg,2,127,0,0,20,0,0
sg_onset_subset_scan_no_earth.csv,sg,3,127,0,0,11,0,0
sg_onset_subset_scan_no_earth.csv,sg,4,127,0,0,0,0,0
sg_onset_subset_scan_no_earth.csv,sg,5,127,0,0,0,0,0
sg_subset_scan_no_earth.csv,sg,1,127,0,0,11,0,0
sg_subset_scan_no_earth.csv,sg,2,127,0,0,43,26,16
sg_subset_scan_no_earth.csv,sg,3,127,1,0,17,0,0
sg_subset_scan_no_earth.csv,sg,4,127,0,0,4,0,0
sg_subset_scan_no_earth.csv,sg,5,127,3,0,0,0,0
