Section,Subset_Label,N_Planets,Conj_Ratio,Best_Constituent_Single_Ratio,Delta_vs_Best_Single,Conj_p,Conj_Excess
multi_planet_detail,Ven+Nep,2,107.94,120.35,-12.41,0.0991,68.6
multi_planet_detail,Ven+Ura,2,108.11,120.35,-12.24,0.0732,69.87
multi_planet_detail,Mar+Nep,2,103.33,111.67,-8.34,0.4943,28.74
multi_planet_detail,Mer+Nep,2,102.2,109.17,-6.97,0.6518,19.05
multi_planet_detail,Sat+Nep,2,99.75,106.65,-6.9,0.9176,-2.19
multi_planet_detail,Jup+Nep,2,102.72,109.5,-6.78,0.5793,23.48
multi_planet_detail,Ven+Sat,2,113.79,120.35,-6.56,0.0067,118.99
multi_planet_detail,Mar+Ura,2,105.24,111.67,-6.43,0.2291,45.15
multi_planet_detail,Jup+Ura,2,103.2,109.5,-6.3,0.4453,27.59
multi_planet_detail,Sat+Ura,2,100.47,106.65,-6.18,0.9276,4.02
multi_planet_detail,Ven+Jup,2,114.52,120.35,-5.83,0.007,125.3
multi_planet_detail,Mer+Ura,2,103.62,109.17,-5.55,0.4083,31.25
multi_planet_detail,Mer+Ven,2,114.81,120.35,-5.54,0.0062,127.99
multi_planet_detail,Ven+Mar,2,116.08,120.35,-4.27,0.0044,138.64
multi_planet_detail,Mar+Sat,2,108.61,111.67,-3.06,0.0463,74.3
multi_planet_detail,Ura+Nep,2,95.09,98.1,-3.01,0.2805,-42.41
multi_planet_detail,Jup+Sat,2,107.64,109.5,-1.86,0.0778,65.9
multi_planet_detail,Mer+Sat,2,108.06,109.17,-1.11,0.0624,69.7
multi_planet_detail,Mar+Jup,2,110.62,111.67,-1.05,0.026,91.59
multi_planet_detail,Mer+Mar,2,110.8,111.67,-0.87,0.0244,93.25
multi_planet_detail,Mer+Jup,2,109.38,109.5,-0.12,0.05,81.01
multi_planet_detail,Ven+Ura+Nep,3,102.83,120.35,-17.52,0.4473,36.47
multi_planet_detail,Ven+Sat+Ura,3,106.53,120.35,-13.82,0.0696,83.9
multi_planet_detail,Ven+Sat+Nep,3,106.81,120.35,-13.54,0.0674,87.74
multi_planet_detail,Ven+Jup+Ura,3,107.89,120.35,-12.46,0.0428,101.43
multi_planet_detail,Mer+Ven+Nep,3,108.29,120.35,-12.06,0.0324,106.94
multi_planet_detail,Ven+Jup+Nep,3,108.33,120.35,-12.02,0.0334,107.35
multi_planet_detail,Mer+Ven+Ura,3,108.48,120.35,-11.87,0.0265,109.13
multi_planet_detail,Ven+Mar+Nep,3,109.05,120.35,-11.3,0.0251,116.62
multi_planet_detail,Mar+Ura+Nep,3,100.67,111.67,-11.0,0.8893,8.62
multi_planet_detail,Ven+Mar+Ura,3,109.57,120.35,-10.78,0.0168,122.98
multi_planet_detail,Sat+Ura+Nep,3,96.76,106.65,-9.89,0.3778,-41.7
multi_planet_detail,Jup+Ura+Nep,3,99.63,109.5,-9.87,0.9051,-4.81
multi_planet_detail,Mer+Ura+Nep,3,99.74,109.17,-9.43,0.9227,-3.32
multi_planet_detail,Ven+Jup+Sat,3,111.79,120.35,-8.56,0.0036,151.81
multi_planet_detail,Mar+Sat+Nep,3,103.18,111.67,-8.49,0.3896,40.94
multi_planet_detail,Mer+Ven+Sat,3,112.39,120.35,-7.96,0.0017,159.61
multi_planet_detail,Mar+Sat+Ura,3,104.06,111.67,-7.61,0.2426,52.17
multi_planet_detail,Ven+Mar+Sat,3,112.76,120.35,-7.59,0.0021,164.16
multi_planet_detail,Mer+Ven+Jup,3,112.8,120.35,-7.55,0.003,164.86
multi_planet_detail,Jup+Sat+Ura,3,102.77,109.5,-6.73,0.4256,35.66
multi_planet_detail,Ven+Mar+Jup,3,113.64,120.35,-6.71,0.0014,175.45
multi_planet_detail,Jup+Sat+Nep,3,102.84,109.5,-6.66,0.4201,36.64
multi_planet_detail,Mer+Ven+Mar,3,114.06,120.35,-6.29,0.0009,181.09
multi_planet_detail,Mer+Sat+Nep,3,102.89,109.17,-6.28,0.4349,37.28
multi_planet_detail,Mer+Mar+Nep,3,105.43,111.67,-6.24,0.1573,70.06
multi_planet_detail,Mar+Jup+Nep,3,105.55,111.67,-6.12,0.1472,71.53
multi_planet_detail,Mer+Sat+Ura,3,103.45,109.17,-5.72,0.317,44.38
multi_planet_detail,Mar+Jup+Ura,3,106.28,111.67,-5.39,0.092,80.77
multi_planet_detail,Mer+Mar+Ura,3,106.79,111.67,-4.88,0.0644,87.34
multi_planet_detail,Mer+Jup+Nep,3,104.8,109.5,-4.7,0.2024,61.9
multi_planet_detail,Mer+Jup+Ura,3,105.2,109.5,-4.3,0.159,66.93
multi_planet_detail,Mar+Jup+Sat,3,108.64,111.67,-3.03,0.0147,111.14
multi_planet_detail,Mer+Mar+Sat,3,109.15,111.67,-2.52,0.0111,117.89
multi_planet_detail,Mer+Mar+Jup,3,110.41,111.67,-1.26,0.007,134.12
multi_planet_detail,Mer+Jup+Sat,3,108.27,109.5,-1.23,0.0243,106.59
multi_planet_detail,Ven+Sat+Ura+Nep,4,102.28,120.35,-18.07,0.4827,38.92
multi_planet_detail,Ven+Jup+Ura+Nep,4,104.09,120.35,-16.26,0.2137,69.74
multi_planet_detail,Mer+Ven+Ura+Nep,4,104.41,120.35,-15.94,0.1707,75.29
multi_planet_detail,Ven+Mar+Ura+Nep,4,105.11,120.35,-15.24,0.1115,87.2
multi_planet_detail,Ven+Jup+Sat+Ura,4,106.53,120.35,-13.82,0.0467,111.25
multi_planet_detail,Ven+Jup+Sat+Nep,4,107.16,120.35,-13.19,0.0284,122.27
multi_planet_detail,Mer+Ven+Sat+Ura,4,107.27,120.35,-13.08,0.0228,124.0
multi_planet_detail,Mer+Ven+Sat+Nep,4,107.42,120.35,-12.93,0.0224,126.93
multi_planet_detail,Ven+Mar+Sat+Nep,4,107.64,120.35,-12.71,0.0202,130.56
multi_planet_detail,Ven+Mar+Sat+Ura,4,107.73,120.35,-12.62,0.0183,131.74
multi_planet_detail,Mer+Ven+Jup+Ura,4,108.23,120.35,-12.12,0.016,140.48
multi_planet_detail,Mer+Ven+Jup+Nep,4,108.51,120.35,-11.84,0.0126,145.48
multi_planet_detail,Mar+Sat+Ura+Nep,4,100.24,111.67,-11.43,0.9866,4.1
multi_planet_detail,Ven+Mar+Jup+Ura,4,109.05,120.35,-11.3,0.0082,154.31
multi_planet_detail,Ven+Mar+Jup+Nep,4,109.08,120.35,-11.27,0.0076,155.12
multi_planet_detail,Mer+Ven+Mar+Nep,4,109.22,120.35,-11.13,0.007,157.65
multi_planet_detail,Mer+Ven+Mar+Ura,4,109.66,120.35,-10.69,0.0044,164.89
multi_planet_detail,Jup+Sat+Ura+Nep,4,99.52,109.5,-9.98,0.8586,-8.28
multi_planet_detail,Mer+Sat+Ura+Nep,4,99.9,109.17,-9.27,0.9469,-1.78
multi_planet_detail,Mer+Ven+Jup+Sat,4,111.25,120.35,-9.1,0.0012,192.21
multi_planet_detail,Mar+Jup+Ura+Nep,4,102.69,111.67,-8.98,0.433,45.99
multi_planet_detail,Ven+Mar+Jup+Sat,4,111.53,120.35,-8.82,0.0007,196.75
multi_planet_detail,Mer+Mar+Ura+Nep,4,102.95,111.67,-8.72,0.3673,50.37
multi_planet_detail,Mer+Ven+Mar+Sat,4,112.15,120.35,-8.2,0.0003,207.47
multi_planet_detail,Mer+Ven+Mar+Jup,4,112.75,120.35,-7.6,0.0005,217.68
multi_planet_detail,Mer+Jup+Ura+Nep,4,101.99,109.5,-7.51,0.555,34.09
multi_planet_detail,Mar+Jup+Sat+Nep,4,104.66,111.67,-7.01,0.1391,79.54
multi_planet_detail,Mer+Mar+Sat+Nep,4,104.86,111.67,-6.81,0.1271,83.11
multi_planet_detail,Mar+Jup+Sat+Ura,4,104.91,111.67,-6.76,0.1182,83.61
multi_planet_detail,Mer+Mar+Sat+Ura,4,105.58,111.67,-6.09,0.0726,95.2
multi_planet_detail,Mer+Mar+Jup+Nep,4,106.59,111.67,-5.08,0.0432,112.64
multi_planet_detail,Mer+Jup+Sat+Nep,4,104.44,109.5,-5.06,0.1576,75.9
multi_planet_detail,Mer+Jup+Sat+Ura,4,104.44,109.5,-5.06,0.1578,75.82
multi_planet_detail,Mer+Mar+Jup+Ura,4,107.19,111.67,-4.48,0.0266,122.75
multi_planet_detail,Mer+Mar+Jup+Sat,4,109.05,111.67,-2.62,0.0045,154.51
multi_planet_detail,Ven+Jup+Sat+Ura+Nep,5,103.2,120.35,-17.15,0.2678,67.99
multi_planet_detail,Mer+Ven+Sat+Ura+Nep,5,103.7,120.35,-16.65,0.1936,78.54
multi_planet_detail,Ven+Mar+Sat+Ura+Nep,5,103.98,120.35,-16.37,0.1623,84.37
multi_planet_detail,Mer+Ven+Jup+Ura+Nep,5,105.1,120.35,-15.25,0.0818,108.31
multi_planet_detail,Ven+Mar+Jup+Ura+Nep,5,105.67,120.35,-14.68,0.0536,120.22
multi_planet_detail,Mer+Ven+Mar+Ura+Nep,5,106.06,120.35,-14.29,0.0377,128.62
multi_planet_detail,Mer+Ven+Jup+Sat+Ura,5,107.12,120.35,-13.23,0.0155,151.09
multi_planet_detail,Ven+Mar+Jup+Sat+Ura,5,107.5,120.35,-12.85,0.0118,158.85
multi_planet_detail,Mer+Ven+Jup+Sat+Nep,5,107.59,120.35,-12.76,0.0102,161.2
multi_planet_detail,Ven+Mar+Jup+Sat+Nep,5,107.76,120.35,-12.59,0.0074,164.84
multi_planet_detail,Mer+Ven+Mar+Sat+Nep,5,108.11,120.35,-12.24,0.0048,172.4
multi_planet_detail,Mer+Ven+Mar+Sat+Ura,5,108.23,120.35,-12.12,0.0043,174.45
multi_planet_detail,Mer+Ven+Mar+Jup+Nep,5,109.22,120.35,-11.13,0.0026,195.88
multi_planet_detail,Mer+Ven+Mar+Jup+Ura,5,109.24,120.35,-11.11,0.0023,195.94
multi_planet_detail,Mar+Jup+Sat+Ura+Nep,5,101.76,111.67,-9.91,0.5688,37.29
multi_planet_detail,Mer+Mar+Sat+Ura+Nep,5,102.2,111.67,-9.47,0.4506,46.65
multi_planet_detail,Mer+Ven+Mar+Jup+Sat,5,111.3,120.35,-9.05,0.0003,239.78
multi_planet_detail,Mer+Jup+Sat+Ura+Nep,5,101.48,109.5,-8.02,0.6224,31.4
multi_planet_detail,Mer+Mar+Jup+Ura+Nep,5,104.12,111.67,-7.55,0.1612,87.48
multi_planet_detail,Mer+Mar+Jup+Sat+Nep,5,105.72,111.67,-5.95,0.0424,121.44
multi_planet_detail,Mer+Mar+Jup+Sat+Ura,5,105.96,111.67,-5.71,0.0376,126.37
multi_planet_detail,Mer+Ven+Jup+Sat+Ura+Nep,6,104.23,120.35,-16.12,0.1067,107.29
multi_planet_detail,Ven+Mar+Jup+Sat+Ura+Nep,6,104.47,120.35,-15.88,0.0904,113.17
multi_planet_detail,Mer+Ven+Mar+Sat+Ura+Nep,6,105.0,120.35,-15.35,0.0539,126.55
multi_planet_detail,Mer+Ven+Mar+Jup+Ura+Nep,6,106.37,120.35,-13.98,0.0174,161.32
multi_planet_detail,Mer+Ven+Mar+Jup+Sat+Ura,6,107.95,120.35,-12.4,0.0031,201.22
multi_planet_detail,Mer+Ven+Mar+Jup+Sat+Nep,6,108.14,120.35,-12.21,0.0023,206.34
multi_planet_detail,Mer+Mar+Jup+Sat+Ura+Nep,6,103.14,111.67,-8.53,0.2388,79.52
multi_planet_detail,Mer+Ven+Mar+Jup+Sat+Ura+Nep,7,105.27,120.35,-15.08,0.0293,154.96
