Stage,Group,Window,Type,N_Records,k_obs,k_exp,k_exp_kepler,Ratio,p_val,Z_score,Effect
Flare_All,B-Class,1,Conjunction,7127,265,272.91,273.02,97.1,0.7189056218875622,-0.4,Suppression
Flare_All,B-Class,1,Opposition,7127,244,272.15,272.31,89.66,0.14727705445891082,-1.43,Suppression
Flare_All,B-Class,2,Conjunction,7127,526,536.95,537.03,97.96,0.7427851442971141,-0.37,Suppression
Flare_All,B-Class,2,Opposition,7127,503,535.51,535.72,93.93,0.2753944921101578,-1.1,Suppression
Flare_All,B-Class,3,Conjunction,7127,783,792.24,792.36,98.83,0.8404231915361693,-0.24,Suppression
Flare_All,B-Class,3,Opposition,7127,745,790.31,790.42,94.27,0.23435531289374212,-1.19,Suppression
Flare_All,B-Class,4,Conjunction,7127,1034,1038.92,1039.26,99.53,0.9391412171756565,-0.11,Suppression
Flare_All,B-Class,4,Opposition,7127,973,1036.88,1036.69,93.84,0.1641167176656467,-1.4,Suppression
Flare_All,B-Class,5,Conjunction,7127,1292,1277.71,1277.89,101.12,0.7980240395192096,0.27,Enhancement
Flare_All,B-Class,5,Opposition,7127,1206,1275.47,1274.75,94.55,0.19595608087838243,-1.31,Suppression
Flare_All,B-Class,6,Conjunction,7127,1546,1508.63,1508.46,102.48,0.5487090258194837,0.62,Enhancement
Flare_All,B-Class,6,Opposition,7127,1446,1506.2,1504.86,96.0,0.3244735105297894,-1.0,Suppression
Flare_All,B-Class,7,Conjunction,7127,1776,1731.91,1731.24,102.55,0.5237895242095159,0.66,Enhancement
Flare_All,B-Class,7,Opposition,7127,1665,1729.14,1727.23,96.29,0.3489530209395812,-0.95,Suppression
Flare_All,B-Class,8,Conjunction,7127,1980,1947.62,1946.44,101.66,0.6747065058698826,0.44,Enhancement
Flare_All,B-Class,8,Opposition,7127,1841,1944.67,1942.04,94.67,0.16531669366612667,-1.39,Suppression
Flare_All,B-Class,9,Conjunction,7127,2163,2156.0,2154.23,100.32,0.9592208155836883,0.09,Enhancement
Flare_All,B-Class,9,Opposition,7127,2079,2152.84,2149.53,96.57,0.3669526609467811,-0.9,Suppression
Flare_All,B-Class,10,Conjunction,7127,2357,2356.99,2354.87,100.0,0.9666606667866643,0.0,Enhancement
Flare_All,B-Class,10,Opposition,7127,2292,2354.08,2349.93,97.36,0.4889102217955641,-0.7,Suppression
Flare_All,B-Class,11,Conjunction,7127,2526,2551.18,2548.57,99.01,0.743945121097578,-0.26,Suppression
Flare_All,B-Class,11,Opposition,7127,2456,2548.59,2543.41,96.37,0.3374332513349733,-0.97,Suppression
Flare_All,B-Class,12,Conjunction,7127,2672,2738.97,2735.49,97.55,0.4719905601887962,-0.66,Suppression
Flare_All,B-Class,12,Opposition,7127,2626,2736.09,2730.16,95.98,0.29283414331713364,-1.07,Suppression
Flare_All,B-Class,13,Conjunction,7127,2867,2919.97,2915.85,98.19,0.5729885402291954,-0.49,Suppression
Flare_All,B-Class,13,Opposition,7127,2785,2917.0,2910.4,95.47,0.24327513449731006,-1.2,Suppression
Flare_All,B-Class,14,Conjunction,7127,3023,3094.38,3089.83,97.69,0.4868702625947481,-0.61,Suppression
Flare_All,B-Class,14,Opposition,7127,2942,3091.56,3084.3,95.16,0.22147557048859023,-1.27,Suppression
Flare_All,B-Class,15,Conjunction,7127,3189,3263.0,3257.62,97.73,0.4902301953960921,-0.6,Suppression
Flare_All,B-Class,15,Opposition,7127,3093,3260.13,3252.04,94.87,0.20787584248315033,-1.33,Suppression
Flare_All,B-Class,16,Conjunction,7127,3350,3425.73,3419.41,97.79,0.49671006579868404,-0.58,Suppression
Flare_All,B-Class,16,Opposition,7127,3250,3422.78,3413.81,94.95,0.2230355392892142,-1.3,Suppression
Flare_All,B-Class,17,Conjunction,7127,3492,3582.37,3575.4,97.48,0.44315113697726044,-0.66,Suppression
Flare_All,B-Class,17,Opposition,7127,3381,3579.5,3569.79,94.45,0.19315613687726246,-1.42,Suppression
Flare_All,B-Class,18,Conjunction,7127,3632,3733.12,3725.76,97.29,0.4123917521649567,-0.71,Suppression
Flare_All,B-Class,18,Opposition,7127,3512,3730.58,3720.13,94.14,0.18035639287214256,-1.49,Suppression
Flare_All,B-Class,19,Conjunction,7127,3759,3878.61,3870.66,96.92,0.3631127377452451,-0.8,Suppression
Flare_All,B-Class,19,Opposition,7127,3647,3876.11,3865.02,94.09,0.18267634647307054,-1.5,Suppression
Flare_All,B-Class,20,Conjunction,7127,3886,4018.79,4010.27,96.7,0.3397932041359173,-0.86,Suppression
Flare_All,B-Class,20,Opposition,7127,3774,4016.32,4004.6,93.97,0.17999640007199855,-1.53,Suppression
Flare_All,B-Class,21,Conjunction,7127,4035,4153.55,4144.74,97.15,0.3903921921561569,-0.74,Suppression
Flare_All,B-Class,21,Opposition,7127,3899,4151.43,4139.03,93.92,0.18207635847283055,-1.54,Suppression
Flare_All,B-Class,22,Conjunction,7127,4173,4283.38,4274.2,97.42,0.42095158096838065,-0.67,Suppression
Flare_All,B-Class,22,Opposition,7127,4014,4281.66,4268.49,93.75,0.1752364952700946,-1.58,Suppression
Flare_All,B-Class,23,Conjunction,7127,4301,4408.52,4398.85,97.56,0.4382712345753085,-0.63,Suppression
Flare_All,B-Class,23,Opposition,7127,4123,4407.24,4393.12,93.55,0.16675666486670265,-1.62,Suppression
Flare_All,B-Class,24,Conjunction,7127,4413,4528.9,4518.82,97.44,0.41939161216775667,-0.66,Suppression
Flare_All,B-Class,24,Opposition,7127,4254,4528.06,4513.09,93.95,0.19583608327833443,-1.52,Suppression
Flare_All,B-Class,25,Conjunction,7127,4519,4644.48,4634.25,97.3,0.40271194576108477,-0.7,Suppression
Flare_All,B-Class,25,Opposition,7127,4362,4644.11,4628.55,93.93,0.19543609127817443,-1.52,Suppression
Flare_All,B-Class,26,Conjunction,7127,4622,4755.75,4745.26,97.19,0.3907921841563169,-0.73,Suppression
Flare_All,B-Class,26,Opposition,7127,4463,4755.81,4739.63,93.84,0.19223615527689447,-1.54,Suppression
Flare_All,B-Class,27,Conjunction,7127,4734,4862.89,4852.02,97.35,0.40531189376212473,-0.69,Suppression
Flare_All,B-Class,27,Opposition,7127,4558,4863.32,4846.48,93.72,0.18315633687326255,-1.57,Suppression
Flare_All,B-Class,28,Conjunction,7127,4829,4966.15,4954.67,97.24,0.39127217455650887,-0.72,Suppression
Flare_All,B-Class,28,Opposition,7127,4668,4967.09,4949.23,93.98,0.20343593128137438,-1.51,Suppression
Flare_All,B-Class,29,Conjunction,7127,4945,5065.41,5053.35,97.62,0.4348713025739485,-0.62,Suppression
Flare_All,B-Class,29,Opposition,7127,4770,5066.72,5048.02,94.14,0.21655566888662225,-1.47,Suppression
Flare_All,B-Class,30,Conjunction,7127,5035,5160.72,5148.18,97.56,0.42307153856922863,-0.64,Suppression
Flare_All,B-Class,30,Opposition,7127,4840,5162.26,5142.97,93.76,0.19027619447611047,-1.58,Suppression
Flare_All,C-Class,1,Conjunction,26654,1080,1019.84,1020.08,105.9,0.10859782804343913,1.61,Enhancement
Flare_All,C-Class,1,Opposition,26654,1047,1020.52,1019.99,102.59,0.4910301793964121,0.72,Enhancement
Flare_All,C-Class,2,Conjunction,26654,2163,2006.52,2006.61,107.8,0.007199856002879942,2.66,Enhancement
Flare_All,C-Class,2,Opposition,26654,1997,2007.48,2006.47,99.48,0.8551428971420572,-0.18,Suppression
Flare_All,C-Class,3,Conjunction,26654,3090,2960.77,2960.59,104.36,0.10063798724025519,1.64,Enhancement
Flare_All,C-Class,3,Opposition,26654,2926,2961.8,2960.3,98.79,0.6413471730565389,-0.46,Suppression
Flare_All,C-Class,4,Conjunction,26654,3994,3883.45,3882.87,102.85,0.26703465930681386,1.13,Enhancement
Flare_All,C-Class,4,Opposition,26654,3845,3884.49,3882.51,98.98,0.6686266274674506,-0.4,Suppression
Flare_All,C-Class,5,Conjunction,26654,4918,4775.81,4774.35,102.98,0.23047539049219015,1.21,Enhancement
Flare_All,C-Class,5,Opposition,26654,4737,4777.36,4773.91,99.16,0.6885462290754185,-0.34,Suppression
Flare_All,C-Class,6,Conjunction,26654,5773,5639.11,5635.96,102.37,0.33119337613247735,0.98,Enhancement
Flare_All,C-Class,6,Opposition,26654,5554,5640.99,5635.37,98.46,0.49243015139697205,-0.62,Suppression
Flare_All,C-Class,7,Conjunction,26654,6620,6473.31,6468.48,102.27,0.3477930441391172,0.95,Enhancement
Flare_All,C-Class,7,Opposition,26654,6345,6475.56,6467.7,97.98,0.3827923441531169,-0.79,Suppression
Flare_All,C-Class,8,Conjunction,26654,7379,7279.44,7272.72,101.37,0.5754284914301714,0.57,Enhancement
Flare_All,C-Class,8,Opposition,26654,7105,7282.18,7271.8,97.57,0.31859362812743747,-0.94,Suppression
Flare_All,C-Class,9,Conjunction,26654,8096,8057.49,8049.43,100.48,0.8659426811463771,0.2,Enhancement
Flare_All,C-Class,9,Opposition,26654,7808,8061.61,8048.43,96.85,0.23235535289294215,-1.18,Suppression
Flare_All,C-Class,10,Conjunction,26654,8835,8809.37,8799.41,100.29,0.9410211795764085,0.12,Enhancement
Flare_All,C-Class,10,Opposition,26654,8560,8814.5,8798.38,97.11,0.26791464170716583,-1.06,Suppression
Flare_All,C-Class,11,Conjunction,26654,9476,9535.57,9523.46,99.38,0.7505449891002179,-0.25,Suppression
Flare_All,C-Class,11,Opposition,26654,9204,9541.63,9522.38,96.46,0.2103157936841263,-1.27,Suppression
Flare_All,C-Class,12,Conjunction,26654,10045,10236.36,10222.34,98.13,0.4241115177696446,-0.73,Suppression
Flare_All,C-Class,12,Opposition,26654,9841,10243.65,10221.12,96.07,0.19107617847643046,-1.38,Suppression
Flare_All,C-Class,13,Conjunction,26654,10655,10913.41,10896.77,97.63,0.33719325613487733,-0.91,Suppression
Flare_All,C-Class,13,Opposition,26654,10456,10920.96,10895.38,95.74,0.17823643527129457,-1.46,Suppression
Flare_All,C-Class,14,Conjunction,26654,11216,11565.98,11547.42,96.97,0.2618747625047499,-1.14,Suppression
Flare_All,C-Class,14,Opposition,26654,11043,11574.58,11545.93,95.41,0.16787664246715064,-1.54,Suppression
Flare_All,C-Class,15,Conjunction,26654,11747,12195.58,12174.99,96.32,0.21079578408431832,-1.36,Suppression
Flare_All,C-Class,15,Opposition,26654,11635,12205.41,12173.45,95.33,0.1723565528689426,-1.54,Suppression
Flare_All,C-Class,16,Conjunction,26654,12319,12803.3,12780.21,96.22,0.2103157936841263,-1.38,Suppression
Flare_All,C-Class,16,Opposition,26654,12197,12813.9,12778.61,95.19,0.17063658726825465,-1.56,Suppression
Flare_All,C-Class,17,Conjunction,26654,12826,13388.73,13363.71,95.8,0.1865162696746065,-1.51,Suppression
Flare_All,C-Class,17,Opposition,26654,12740,13400.35,13362.08,95.07,0.17183656326873462,-1.57,Suppression
Flare_All,C-Class,18,Conjunction,26654,13314,13953.25,13926.18,95.42,0.16999660006799863,-1.62,Suppression
Flare_All,C-Class,18,Opposition,26654,13227,13965.97,13924.45,94.71,0.16015679686406273,-1.66,Suppression
Flare_All,C-Class,19,Conjunction,26654,13747,14497.79,14468.22,94.82,0.14127717445651086,-1.8,Suppression
Flare_All,C-Class,19,Opposition,26654,13708,14510.71,14466.39,94.47,0.15363692726145478,-1.71,Suppression
Flare_All,C-Class,20,Conjunction,26654,14234,15022.09,14990.43,94.75,0.14455710885782283,-1.8,Suppression
Flare_All,C-Class,20,Opposition,26654,14183,15034.79,14988.52,94.33,0.15127697446051078,-1.73,Suppression
Flare_All,C-Class,21,Conjunction,26654,14653,15527.26,15493.4,94.37,0.12863742725145497,-1.9,Suppression
Flare_All,C-Class,21,Opposition,26654,14624,15539.46,15491.47,94.11,0.14587708245835082,-1.79,Suppression
Flare_All,C-Class,22,Conjunction,26654,15064,16014.08,15977.73,94.07,0.11643767124657507,-1.98,Suppression
Flare_All,C-Class,22,Opposition,26654,15075,16025.78,15975.79,94.07,0.14815703685926282,-1.78,Suppression
Flare_All,C-Class,23,Conjunction,26654,15476,16483.08,16443.98,93.89,0.11075778484430311,-2.02,Suppression
Flare_All,C-Class,23,Opposition,26654,15503,16494.1,16442.04,93.99,0.14707705845883082,-1.79,Suppression
Flare_All,C-Class,24,Conjunction,26654,15885,16934.14,16892.72,93.8,0.11071778564428711,-2.03,Suppression
Flare_All,C-Class,24,Opposition,26654,15942,16944.68,16890.78,94.08,0.15439691206175876,-1.76,Suppression
Flare_All,C-Class,25,Conjunction,26654,16288,17367.99,17324.52,93.78,0.1120377592448151,-2.02,Suppression
Flare_All,C-Class,25,Opposition,26654,16332,17377.84,17322.59,93.98,0.1516369672606548,-1.78,Suppression
Flare_All,C-Class,26,Conjunction,26654,16671,17785.73,17739.93,93.73,0.1121177576448471,-2.02,Suppression
Flare_All,C-Class,26,Opposition,26654,16741,17794.78,17737.98,94.08,0.15907681846363073,-1.75,Suppression
Flare_All,C-Class,27,Conjunction,26654,17023,18187.9,18139.46,93.6,0.10631787364252715,-2.05,Suppression
Flare_All,C-Class,27,Opposition,26654,17095,18196.41,18137.49,93.95,0.15523689526209475,-1.78,Suppression
Flare_All,C-Class,28,Conjunction,26654,17362,18574.87,18523.58,93.47,0.09907801843963121,-2.08,Suppression
Flare_All,C-Class,28,Opposition,26654,17445,18582.77,18521.61,93.88,0.15391692166156676,-1.8,Suppression
Flare_All,C-Class,29,Conjunction,26654,17702,18946.58,18892.8,93.43,0.09755804883902322,-2.09,Suppression
Flare_All,C-Class,29,Opposition,26654,17815,18953.33,18890.85,93.99,0.1619167616647667,-1.77,Suppression
Flare_All,C-Class,30,Conjunction,26654,18005,19303.11,19247.64,93.28,0.08943821123577528,-2.13,Suppression
Flare_All,C-Class,30,Opposition,26654,18170,19308.99,19245.65,94.1,0.16759664806703867,-1.74,Suppression
Flare_All,M-Class,1,Conjunction,4824,194,184.71,184.64,105.03,0.5236295274094518,0.67,Enhancement
Flare_All,M-Class,1,Opposition,4824,222,184.58,184.6,120.28,0.012879742405151898,2.62,Enhancement
Flare_All,M-Class,2,Conjunction,4824,369,363.32,363.22,101.56,0.7895842083158336,0.28,Enhancement
Flare_All,M-Class,2,Opposition,4824,402,363.13,363.14,110.7,0.06871862562748746,1.87,Enhancement
Flare_All,M-Class,3,Conjunction,4824,566,536.08,535.9,105.58,0.24307513849723006,1.19,Enhancement
Flare_All,M-Class,3,Opposition,4824,559,535.82,535.78,104.33,0.38243235135297293,0.88,Enhancement
Flare_All,M-Class,4,Conjunction,4824,718,703.02,702.82,102.13,0.6196276074478511,0.5,Enhancement
Flare_All,M-Class,4,Opposition,4824,718,702.81,702.69,102.16,0.629187416251675,0.49,Enhancement
Flare_All,M-Class,5,Conjunction,4824,854,864.66,864.19,98.77,0.756904861902762,-0.31,Suppression
Flare_All,M-Class,5,Opposition,4824,880,864.52,864.04,101.79,0.6741465170696586,0.44,Enhancement
Flare_All,M-Class,6,Conjunction,4824,1010,1020.78,1020.13,98.94,0.7742645147097058,-0.28,Suppression
Flare_All,M-Class,6,Opposition,4824,1034,1020.7,1019.95,101.3,0.749945001099978,0.33,Enhancement
Flare_All,M-Class,7,Conjunction,4824,1150,1171.71,1170.79,98.15,0.6031079378412432,-0.51,Suppression
Flare_All,M-Class,7,Opposition,4824,1177,1171.65,1170.57,100.46,0.9239815203695926,0.12,Enhancement
Flare_All,M-Class,8,Conjunction,4824,1289,1317.7,1316.33,97.82,0.5359492810143797,-0.61,Suppression
Flare_All,M-Class,8,Opposition,4824,1312,1317.55,1316.1,99.58,0.9027419451610967,-0.11,Suppression
Flare_All,M-Class,9,Conjunction,4824,1404,1458.68,1456.91,96.25,0.29083418331633365,-1.07,Suppression
Flare_All,M-Class,9,Opposition,4824,1429,1458.43,1456.66,97.98,0.5671086578268435,-0.54,Suppression
Flare_All,M-Class,10,Conjunction,4824,1533,1594.75,1592.66,96.13,0.26987460250794987,-1.12,Suppression
Flare_All,M-Class,10,Opposition,4824,1558,1594.47,1592.41,97.71,0.5125897482050359,-0.62,Suppression
Flare_All,M-Class,11,Conjunction,4824,1648,1726.17,1723.73,95.47,0.19787604247915042,-1.32,Suppression
Flare_All,M-Class,11,Opposition,4824,1677,1725.77,1723.47,97.17,0.4243515129697406,-0.76,Suppression
Flare_All,M-Class,12,Conjunction,4824,1753,1853.09,1850.25,94.6,0.1351572968540629,-1.58,Suppression
Flare_All,M-Class,12,Opposition,4824,1799,1852.72,1849.98,97.1,0.40639187216255673,-0.78,Suppression
Flare_All,M-Class,13,Conjunction,4824,1849,1975.69,1972.34,93.59,0.0882782344353113,-1.88,Suppression
Flare_All,M-Class,13,Opposition,4824,1895,1975.25,1972.06,95.94,0.2747545049099018,-1.09,Suppression
Flare_All,M-Class,14,Conjunction,4824,1952,2093.85,2090.15,93.23,0.07715845683086338,-1.98,Suppression
Flare_All,M-Class,14,Opposition,4824,1999,2093.51,2089.84,95.49,0.2383552328953421,-1.21,Suppression
Flare_All,M-Class,15,Conjunction,4824,2057,2207.87,2203.79,93.17,0.07843843123137537,-1.99,Suppression
Flare_All,M-Class,15,Opposition,4824,2118,2207.41,2203.45,95.95,0.27955440891182176,-1.08,Suppression
Flare_All,M-Class,16,Conjunction,4824,2145,2317.92,2313.37,92.54,0.06339873202535949,-2.16,Suppression
Flare_All,M-Class,16,Opposition,4824,2214,2317.31,2313.0,95.54,0.25303493930121396,-1.18,Suppression
Flare_All,M-Class,17,Conjunction,4824,2221,2423.97,2419.02,91.63,0.045799084018319634,-2.41,Suppression
Flare_All,M-Class,17,Opposition,4824,2314,2423.31,2418.63,95.49,0.25315493690126195,-1.19,Suppression
Flare_All,M-Class,18,Conjunction,4824,2302,2526.43,2520.87,91.12,0.0371192576148477,-2.54,Suppression
Flare_All,M-Class,18,Opposition,4824,2403,2525.42,2520.44,95.15,0.23127537449251015,-1.27,Suppression
Flare_All,M-Class,19,Conjunction,4824,2393,2625.18,2619.0,91.16,0.04079918401631968,-2.51,Suppression
Flare_All,M-Class,19,Opposition,4824,2475,2623.78,2618.56,94.33,0.18371632567348653,-1.48,Suppression
Flare_All,M-Class,20,Conjunction,4824,2474,2720.17,2713.55,90.95,0.0380792384152317,-2.56,Suppression
Flare_All,M-Class,20,Opposition,4824,2556,2718.65,2713.11,94.02,0.17147657046859063,-1.55,Suppression
Flare_All,M-Class,21,Conjunction,4824,2565,2811.64,2804.61,91.23,0.04667906641867162,-2.48,Suppression
Flare_All,M-Class,21,Opposition,4824,2624,2809.96,2804.17,93.38,0.14211715765684688,-1.71,Suppression
Flare_All,M-Class,22,Conjunction,4824,2642,2899.85,2892.31,91.11,0.04619907601847963,-2.5,Suppression
Flare_All,M-Class,22,Opposition,4824,2686,2898.06,2891.88,92.68,0.10979780404391912,-1.88,Suppression
Flare_All,M-Class,23,Conjunction,4824,2716,2984.78,2976.73,91.0,0.04603907921841563,-2.53,Suppression
Flare_All,M-Class,23,Opposition,4824,2766,2982.78,2976.33,92.73,0.11623767524649507,-1.87,Suppression
Flare_All,M-Class,24,Conjunction,4824,2777,3066.46,3057.98,90.56,0.036639267214655706,-2.65,Suppression
Flare_All,M-Class,24,Opposition,4824,2849,3064.36,3057.61,92.97,0.12927741445171095,-1.8,Suppression
Flare_All,M-Class,25,Conjunction,4824,2857,3144.98,3136.17,90.84,0.04455910881782364,-2.58,Suppression
Flare_All,M-Class,25,Opposition,4824,2926,3142.9,3135.82,93.1,0.1385572288554229,-1.77,Suppression
Flare_All,M-Class,26,Conjunction,4824,2923,3220.44,3211.38,90.76,0.04359912801743965,-2.6,Suppression
Flare_All,M-Class,26,Opposition,4824,2994,3218.55,3211.06,93.02,0.13631727365452692,-1.79,Suppression
Flare_All,M-Class,27,Conjunction,4824,2978,3293.24,3283.7,90.43,0.035319293614127716,-2.7,Suppression
Flare_All,M-Class,27,Opposition,4824,3050,3291.23,3283.41,92.67,0.11803763924721505,-1.88,Suppression
Flare_All,M-Class,28,Conjunction,4824,3048,3363.3,3353.22,90.63,0.03999920001599968,-2.64,Suppression
Flare_All,M-Class,28,Opposition,4824,3119,3361.41,3352.96,92.79,0.12387752244955101,-1.85,Suppression
Flare_All,M-Class,29,Conjunction,4824,3114,3430.57,3420.05,90.77,0.04231915361692766,-2.6,Suppression
Flare_All,M-Class,29,Opposition,4824,3172,3428.85,3419.8,92.51,0.11175776484470311,-1.92,Suppression
Flare_All,M-Class,30,Conjunction,4824,3162,3495.17,3484.27,90.47,0.03323933521329574,-2.69,Suppression
Flare_All,M-Class,30,Opposition,4824,3232,3493.5,3484.02,92.51,0.1116777664446711,-1.93,Suppression
Flare_All,X-Class,1,Conjunction,429,17,16.4,16.39,103.65,0.9450610987780245,0.15,Enhancement
Flare_All,X-Class,1,Opposition,429,17,16.38,16.42,103.79,0.9519409611807764,0.15,Enhancement
Flare_All,X-Class,2,Conjunction,429,36,32.26,32.23,111.6,0.5550288994220116,0.67,Enhancement
Flare_All,X-Class,2,Opposition,429,25,32.25,32.3,77.52,0.2257554848903022,-1.3,Suppression
Flare_All,X-Class,3,Conjunction,429,53,47.6,47.56,111.33,0.46607067858642826,0.8,Enhancement
Flare_All,X-Class,3,Opposition,429,41,47.61,47.66,86.12,0.35319293614127717,-1.01,Suppression
Flare_All,X-Class,4,Conjunction,429,66,62.44,62.37,105.69,0.6887062258754825,0.46,Enhancement
Flare_All,X-Class,4,Opposition,429,58,62.48,62.51,92.83,0.5958280834383313,-0.61,Suppression
Flare_All,X-Class,5,Conjunction,429,81,76.81,76.7,105.46,0.6589068218635628,0.49,Enhancement
Flare_All,X-Class,5,Opposition,429,72,76.87,76.87,93.67,0.5963880722385553,-0.6,Suppression
Flare_All,X-Class,6,Conjunction,429,96,90.66,90.55,105.89,0.5926281474370513,0.57,Enhancement
Flare_All,X-Class,6,Opposition,429,86,90.78,90.74,94.74,0.631587368252635,-0.55,Suppression
Flare_All,X-Class,7,Conjunction,429,108,104.08,103.93,103.76,0.7174256514869702,0.39,Enhancement
Flare_All,X-Class,7,Opposition,429,96,104.2,104.14,92.13,0.41015179696406073,-0.89,Suppression
Flare_All,X-Class,8,Conjunction,429,122,117.1,116.86,104.18,0.6651066978660427,0.46,Enhancement
Flare_All,X-Class,8,Opposition,429,103,117.16,117.08,87.92,0.15799684006319872,-1.46,Suppression
Flare_All,X-Class,9,Conjunction,429,129,129.63,129.34,99.52,1.0,-0.06,Suppression
Flare_All,X-Class,9,Opposition,429,109,129.72,129.58,84.03,0.04383912321753565,-2.05,Suppression
Flare_All,X-Class,10,Conjunction,429,138,141.74,141.41,97.36,0.7841043179136418,-0.32,Suppression
Flare_All,X-Class,10,Opposition,429,121,141.84,141.65,85.3,0.05279894402111958,-1.97,Suppression
Flare_All,X-Class,11,Conjunction,429,151,153.42,153.05,98.42,0.876862462750745,-0.2,Suppression
Flare_All,X-Class,11,Opposition,429,136,153.52,153.3,88.59,0.11699766004679907,-1.59,Suppression
Flare_All,X-Class,12,Conjunction,429,158,164.63,164.3,95.98,0.618387632247355,-0.53,Suppression
Flare_All,X-Class,12,Opposition,429,146,164.8,164.54,88.59,0.10511789764204715,-1.64,Suppression
Flare_All,X-Class,13,Conjunction,429,170,175.49,175.15,96.87,0.6910661786764265,-0.43,Suppression
Flare_All,X-Class,13,Opposition,429,158,175.69,175.39,89.93,0.14467710645787085,-1.49,Suppression
Flare_All,X-Class,14,Conjunction,429,181,185.94,185.62,97.34,0.7265854682906342,-0.38,Suppression
Flare_All,X-Class,14,Opposition,429,161,186.21,185.86,86.46,0.04099918001639967,-2.05,Suppression
Flare_All,X-Class,15,Conjunction,429,189,196.01,195.72,96.42,0.6163876722465551,-0.53,Suppression
Flare_All,X-Class,15,Opposition,429,165,196.32,195.96,84.05,0.015519689606207875,-2.47,Suppression
Flare_All,X-Class,16,Conjunction,429,195,205.77,205.46,94.77,0.4356312873742525,-0.8,Suppression
Flare_All,X-Class,16,Opposition,429,172,206.08,205.7,83.46,0.012199756004879903,-2.6,Suppression
Flare_All,X-Class,17,Conjunction,429,205,215.2,214.85,95.26,0.45727085458290834,-0.75,Suppression
Flare_All,X-Class,17,Opposition,429,184,215.48,215.08,85.39,0.024159516809663807,-2.33,Suppression
Flare_All,X-Class,18,Conjunction,429,211,224.28,223.9,94.08,0.34155316893662124,-0.96,Suppression
Flare_All,X-Class,18,Opposition,429,190,224.51,224.13,84.63,0.015399692006159876,-2.49,Suppression
Flare_All,X-Class,19,Conjunction,429,219,233.06,232.63,93.97,0.31667366652666945,-1.01,Suppression
Flare_All,X-Class,19,Opposition,429,200,233.2,232.84,85.76,0.0248795024099518,-2.34,Suppression
Flare_All,X-Class,20,Conjunction,429,227,241.54,241.04,93.98,0.30455390892182155,-1.03,Suppression
Flare_All,X-Class,20,Opposition,429,205,241.55,241.24,84.87,0.015359692806143877,-2.52,Suppression
Flare_All,X-Class,21,Conjunction,429,233,249.66,249.14,93.33,0.254554908901822,-1.16,Suppression
Flare_All,X-Class,21,Opposition,429,210,249.67,249.34,84.11,0.009359812803743926,-2.68,Suppression
Flare_All,X-Class,22,Conjunction,429,238,257.49,256.94,92.43,0.19511609767804644,-1.34,Suppression
Flare_All,X-Class,22,Opposition,429,217,257.49,257.13,84.27,0.008559828803423932,-2.7,Suppression
Flare_All,X-Class,23,Conjunction,429,243,265.07,264.45,91.67,0.15603687926241475,-1.49,Suppression
Flare_All,X-Class,23,Opposition,429,221,265.02,264.63,83.39,0.004159916801663967,-2.9,Suppression
Flare_All,X-Class,24,Conjunction,429,250,272.38,271.68,91.79,0.15627687446251076,-1.5,Suppression
Flare_All,X-Class,24,Opposition,429,231,272.28,271.85,84.84,0.007999840003199936,-2.68,Suppression
Flare_All,X-Class,25,Conjunction,429,254,279.39,278.63,90.91,0.11731765364692706,-1.68,Suppression
Flare_All,X-Class,25,Opposition,429,237,279.25,278.8,84.87,0.006879862402751945,-2.7,Suppression
Flare_All,X-Class,26,Conjunction,429,258,286.13,285.32,90.17,0.09143817123657527,-1.85,Suppression
Flare_All,X-Class,26,Opposition,429,248,285.92,285.49,86.74,0.01771964560708786,-2.4,Suppression
Flare_All,X-Class,27,Conjunction,429,266,292.62,291.76,90.9,0.11031779364412712,-1.74,Suppression
Flare_All,X-Class,27,Opposition,429,255,292.31,291.92,87.24,0.022919541609167815,-2.34,Suppression
Flare_All,X-Class,28,Conjunction,429,271,298.87,297.94,90.68,0.10155796884062318,-1.8,Suppression
Flare_All,X-Class,28,Opposition,429,256,298.48,298.1,85.77,0.007639847203055939,-2.64,Suppression
Flare_All,X-Class,29,Conjunction,429,279,304.83,303.89,91.53,0.12711745765084698,-1.66,Suppression
Flare_All,X-Class,29,Opposition,429,261,304.43,304.04,85.73,0.00619987600247995,-2.68,Suppression
Flare_All,X-Class,30,Conjunction,429,282,310.59,309.6,90.8,0.10251794964100717,-1.83,Suppression
Flare_All,X-Class,30,Opposition,429,265,310.15,309.76,85.44,0.003599928001439971,-2.78,Suppression
Flare_All,Total,1,Conjunction,39034,1556,1493.87,1494.12,104.16,0.18399632007359853,1.35,Enhancement
Flare_All,Total,1,Opposition,39034,1530,1493.63,1493.32,102.44,0.43547129057418854,0.8,Enhancement
Flare_All,Total,2,Conjunction,39034,3094,2939.04,2939.09,105.27,0.029279414411711766,2.14,Enhancement
Flare_All,Total,2,Opposition,39034,2927,2938.37,2937.63,99.61,0.8735825283494331,-0.16,Suppression
Flare_All,Total,3,Conjunction,39034,4492,4336.7,4336.4,103.58,0.10303793924121518,1.6,Enhancement
Flare_All,Total,3,Opposition,39034,4271,4335.54,4334.16,98.51,0.48459030819383614,-0.67,Suppression
Flare_All,Total,4,Conjunction,39034,5812,5687.83,5687.33,102.18,0.3115537689246215,1.03,Enhancement
Flare_All,Total,4,Opposition,39034,5594,5686.65,5684.39,98.37,0.42907141857162856,-0.75,Suppression
Flare_All,Total,5,Conjunction,39034,7145,6994.98,6993.13,102.14,0.3091938161236775,1.03,Enhancement
Flare_All,Total,5,Opposition,39034,6895,6994.22,6989.57,98.58,0.47355052898942024,-0.66,Suppression
Flare_All,Total,6,Conjunction,39034,8425,8259.18,8255.1,102.01,0.3386732265354693,0.97,Enhancement
Flare_All,Total,6,Opposition,39034,8120,8258.67,8250.91,98.32,0.40471190576188476,-0.77,Suppression
Flare_All,Total,7,Conjunction,39034,9654,9481.01,9474.44,101.82,0.3926321473570529,0.88,Enhancement
Flare_All,Total,7,Opposition,39034,9283,9480.56,9469.64,97.92,0.33055338893222136,-0.93,Suppression
Flare_All,Total,8,Conjunction,39034,10770,10661.86,10652.35,101.01,0.6549869002619948,0.48,Enhancement
Flare_All,Total,8,Opposition,39034,10361,10661.56,10647.02,97.18,0.2366752664946701,-1.23,Suppression
Flare_All,Total,9,Conjunction,39034,11792,11801.8,11789.92,99.92,0.9197816043679127,-0.04,Suppression
Flare_All,Total,9,Opposition,39034,11425,11802.6,11784.21,96.8,0.21027579448411032,-1.35,Suppression
Flare_All,Total,10,Conjunction,39034,12863,12902.85,12888.35,99.69,0.8200635987280255,-0.14,Suppression
Flare_All,Total,10,Opposition,39034,12531,12904.9,12882.37,97.1,0.24671506569868604,-1.19,Suppression
Flare_All,Total,11,Conjunction,39034,13801,13966.34,13948.81,98.82,0.5257494850102998,-0.52,Suppression
Flare_All,Total,11,Opposition,39034,13473,13969.51,13942.56,96.45,0.20279594408111837,-1.42,Suppression
Flare_All,Total,12,Conjunction,39034,14628,14993.04,14972.38,97.57,0.3026739465210696,-1.05,Suppression
Flare_All,Total,12,Opposition,39034,14412,14997.25,14965.8,96.1,0.1885562288754225,-1.51,Suppression
Flare_All,Total,13,Conjunction,39034,15541,15984.55,15960.12,97.23,0.26931461370772586,-1.17,Suppression
Flare_All,Total,13,Opposition,39034,15294,15988.91,15953.23,95.65,0.17055658886822264,-1.64,Suppression
Flare_All,Total,14,Conjunction,39034,16372,16940.16,16913.02,96.65,0.2237555248895022,-1.38,Suppression
Flare_All,Total,14,Opposition,39034,16145,16945.86,16905.93,95.27,0.15827683446331073,-1.74,Suppression
Flare_All,Total,15,Conjunction,39034,17182,17862.47,17832.12,96.19,0.1985160296794064,-1.53,Suppression
Flare_All,Total,15,Opposition,39034,17011,17869.27,17824.89,95.2,0.1627567448651027,-1.73,Suppression
Flare_All,Total,16,Conjunction,39034,18009,18752.72,18718.46,96.03,0.19711605767884643,-1.55,Suppression
Flare_All,Total,16,Opposition,39034,17833,18760.06,18711.12,95.06,0.1633567328653427,-1.74,Suppression
Flare_All,Total,17,Conjunction,39034,18744,19610.28,19572.98,95.58,0.17319653606927862,-1.69,Suppression
Flare_All,Total,17,Opposition,39034,18619,19618.65,19565.57,94.9,0.16207675846483072,-1.76,Suppression
Flare_All,Total,18,Conjunction,39034,19459,20437.08,20396.7,95.21,0.15487690246195077,-1.8,Suppression
Flare_All,Total,18,Opposition,39034,19332,20446.49,20389.15,94.55,0.1494370112597748,-1.85,Suppression
Flare_All,Total,19,Conjunction,39034,20118,21234.65,21190.51,94.74,0.13187736245275095,-1.93,Suppression
Flare_All,Total,19,Opposition,39034,20030,21243.8,21182.81,94.29,0.14023719525609488,-1.91,Suppression
Flare_All,Total,20,Conjunction,39034,20821,22002.59,21955.28,94.63,0.13315733685326295,-1.94,Suppression
Flare_All,Total,20,Opposition,39034,20718,22011.32,21947.48,94.12,0.13591728165436692,-1.93,Suppression
Flare_All,Total,21,Conjunction,39034,21486,22742.11,22691.89,94.48,0.13115737685246295,-1.97,Suppression
Flare_All,Total,21,Opposition,39034,21357,22750.52,22684.01,93.87,0.127277454450911,-1.99,Suppression
Flare_All,Total,22,Conjunction,39034,22117,23454.81,23401.18,94.3,0.125477490450191,-2.0,Suppression
Flare_All,Total,22,Opposition,39034,21992,23463.01,23393.28,93.73,0.12367752644947101,-2.01,Suppression
Flare_All,Total,23,Conjunction,39034,22736,24141.44,24084.01,94.18,0.12319753604927901,-2.02,Suppression
Flare_All,Total,23,Opposition,39034,22613,24149.14,24076.12,93.64,0.12271754564908702,-2.02,Suppression
Flare_All,Total,24,Conjunction,39034,23325,24801.88,24741.2,94.05,0.11883762324753505,-2.04,Suppression
Flare_All,Total,24,Opposition,39034,23276,24809.37,24733.34,93.82,0.1361572768544629,-1.94,Suppression
Flare_All,Total,25,Conjunction,39034,23918,25436.84,25373.58,94.03,0.12059758804823903,-2.02,Suppression
Flare_All,Total,25,Opposition,39034,23857,25444.11,25365.76,93.76,0.13499730005399893,-1.95,Suppression
Flare_All,Total,26,Conjunction,39034,24474,26048.05,25981.9,93.96,0.11887762244755105,-2.03,Suppression
Flare_All,Total,26,Opposition,39034,24446,26055.06,25974.17,93.82,0.14099718005639889,-1.91,Suppression
Flare_All,Total,27,Conjunction,39034,25001,26636.64,26566.93,93.86,0.11467770644587108,-2.05,Suppression
Flare_All,Total,27,Opposition,39034,24958,26643.28,26559.3,93.67,0.1350772984540309,-1.95,Suppression
Flare_All,Total,28,Conjunction,39034,25510,27203.19,27129.41,93.78,0.1115177696446071,-2.06,Suppression
Flare_All,Total,28,Opposition,39034,25488,27209.75,27121.9,93.67,0.13523729525409492,-1.95,Suppression
Flare_All,Total,29,Conjunction,39034,26040,27747.39,27670.09,93.85,0.11519769604607907,-2.03,Suppression
Flare_All,Total,29,Opposition,39034,26018,27753.33,27662.71,93.75,0.1384772304553909,-1.92,Suppression
Flare_All,Total,30,Conjunction,39034,26484,28269.59,28189.69,93.68,0.10519789604207916,-2.08,Suppression
Flare_All,Total,30,Opposition,39034,26507,28274.91,28182.4,93.75,0.13931721365572688,-1.92,Suppression
